replicate,C0-R@42,C0-R@1337,C0-R@20260703,C1-M@42,C1-M@1337,C1-M@20260703,C4-M@42,C4-M@1337,C4-M@20260703,C4MixFT-M@42,C4MixFT-M@1337,C4Mix-M@42,C4Mix-M@1337,C4R-M@42,C4R-M@1337
12,0.400092,0.407100,0.401489,0.420097,0.411952,0.403220,0.403841,0.383803,0.406386,0.404094,0.402139,0.401673,0.404876,0.415696,0.401989
13,0.405820,0.403507,0.419030,0.430813,0.420924,0.401607,0.416143,0.399784,0.405786,0.409065,0.429450,0.394644,0.410715,0.426138,0.400903
14,0.398908,0.398351,0.400787,0.406454,0.412454,0.388676,0.407294,0.378447,0.401670,0.401471,0.404753,0.389099,0.413521,0.412537,0.384714
15,0.405866,0.394329,0.400633,0.406315,0.406851,0.391042,0.397675,0.381853,0.403517,0.379872,0.391597,0.383485,0.398632,0.411503,0.381978
0,0.399312,0.416313,0.413956,0.426194,0.417151,0.402376,0.410329,0.396698,0.407616,0.406518,0.422647,0.402642,0.403869,0.418310,0.384856
1,0.416420,0.406421,0.416815,0.422702,0.421709,0.401005,0.422626,0.402968,0.427749,0.413690,0.415099,0.396866,0.412808,0.417606,0.389460
2,0.389217,0.401202,0.398656,0.403376,0.402009,0.384107,0.404329,0.383820,0.400282,0.390894,0.404738,0.385819,0.390839,0.401782,0.380665
3,0.404789,0.411638,0.395580,0.409968,0.413702,0.387579,0.408252,0.376496,0.399014,0.399080,0.397106,0.399468,0.412019,0.412957,0.375972
56,0.405879,0.396003,0.403380,0.413180,0.407410,0.403291,0.402647,0.375634,0.405832,0.404726,0.404322,0.392409,0.403282,0.412254,0.396678
57,0.404960,0.407752,0.398119,0.415745,0.423027,0.394141,0.415008,0.397097,0.402395,0.403356,0.416073,0.404618,0.405442,0.411366,0.401213
58,0.384029,0.376435,0.377901,0.388003,0.381611,0.375920,0.388748,0.357203,0.377421,0.370127,0.380399,0.363516,0.381940,0.390275,0.366004
59,0.406958,0.399629,0.398867,0.419997,0.404412,0.389175,0.403234,0.372338,0.396218,0.398646,0.404519,0.388965,0.406728,0.404609,0.385918
36,0.398256,0.404393,0.404728,0.412650,0.417299,0.394818,0.410163,0.385100,0.404457,0.397715,0.395948,0.391511,0.398133,0.405164,0.392144
37,0.390786,0.394628,0.393113,0.403561,0.400845,0.391648,0.388281,0.385914,0.393139,0.388287,0.400840,0.370988,0.395425,0.406504,0.378020
38,0.401789,0.405718,0.411943,0.414237,0.411686,0.400168,0.404319,0.391666,0.406624,0.401675,0.406505,0.395915,0.411736,0.416659,0.395705
39,0.402594,0.384560,0.407312,0.398793,0.411712,0.398074,0.390811,0.377561,0.396690,0.402194,0.399842,0.381330,0.399857,0.406369,0.376595
52,0.411171,0.405331,0.410713,0.403951,0.418520,0.383925,0.403566,0.387646,0.391951,0.398117,0.412013,0.392698,0.407911,0.416406,0.398225
53,0.382331,0.371212,0.381726,0.383786,0.381533,0.374156,0.377470,0.352142,0.373361,0.377136,0.377455,0.356947,0.380057,0.383912,0.360783
54,0.407872,0.402412,0.409781,0.409207,0.409092,0.401603,0.410322,0.384429,0.411372,0.402232,0.417203,0.392683,0.407292,0.421712,0.394145
55,0.407862,0.407568,0.406045,0.414599,0.412239,0.398025,0.400258,0.381436,0.408948,0.398641,0.404061,0.389805,0.409426,0.416148,0.384368
40,0.414698,0.430079,0.423001,0.436405,0.436229,0.405514,0.425698,0.420352,0.417022,0.417779,0.423369,0.413933,0.427667,0.421881,0.396848
41,0.430243,0.424337,0.429465,0.421953,0.433845,0.425873,0.429078,0.400916,0.420251,0.426719,0.429170,0.405413,0.426334,0.430275,0.404311
42,0.369573,0.372946,0.377854,0.381888,0.380286,0.363689,0.376539,0.346446,0.372107,0.371470,0.368286,0.364572,0.374164,0.379611,0.354328
43,0.410939,0.405596,0.419276,0.418195,0.420733,0.404095,0.418557,0.391062,0.410671,0.403551,0.410404,0.408212,0.412059,0.421320,0.388297
20,0.382953,0.389412,0.400689,0.404008,0.395937,0.385655,0.384449,0.376374,0.387165,0.389676,0.390193,0.382059,0.380144,0.397238,0.372367
21,0.400197,0.398522,0.393920,0.406596,0.408468,0.382289,0.401485,0.375256,0.395407,0.394443,0.404393,0.387236,0.411120,0.412246,0.391473
22,0.388515,0.376007,0.393538,0.391224,0.401904,0.375824,0.395565,0.380047,0.399135,0.387722,0.395056,0.374932,0.391632,0.401551,0.364852
23,0.436165,0.428861,0.434024,0.445352,0.441836,0.417169,0.435594,0.405722,0.434840,0.438430,0.427354,0.433113,0.433231,0.444030,0.409905
16,0.396763,0.379050,0.391527,0.402702,0.399155,0.382979,0.397675,0.368712,0.395728,0.394273,0.394096,0.376799,0.390595,0.405465,0.369951
17,0.412096,0.412693,0.411625,0.426247,0.419121,0.406095,0.398628,0.394729,0.412407,0.409323,0.409751,0.388910,0.409550,0.419050,0.381489
18,0.384221,0.383380,0.390031,0.396984,0.400830,0.386552,0.382347,0.365384,0.382115,0.383383,0.390105,0.370720,0.385095,0.395140,0.355294
19,0.389222,0.398689,0.396579,0.397560,0.401991,0.378089,0.401831,0.375019,0.386786,0.389667,0.398751,0.377953,0.400711,0.404405,0.380106
24,0.416000,0.404999,0.411172,0.419813,0.419203,0.391307,0.410501,0.386984,0.401452,0.410195,0.415746,0.399570,0.403899,0.421821,0.388249
25,0.419219,0.411074,0.431171,0.422731,0.429314,0.420932,0.422705,0.412763,0.415921,0.415461,0.421728,0.408688,0.421170,0.430276,0.405574
26,0.420253,0.395465,0.392852,0.414846,0.396325,0.396759,0.386745,0.372361,0.404529,0.385979,0.393052,0.386178,0.397443,0.413154,0.385976
27,0.407365,0.408406,0.403529,0.411917,0.412129,0.398899,0.412100,0.397019,0.407972,0.397816,0.416217,0.399107,0.412082,0.408212,0.388658
4,0.409544,0.401589,0.399609,0.402454,0.402409,0.395842,0.405156,0.381022,0.410658,0.405518,0.413718,0.393113,0.410722,0.399540,0.388295
5,0.397220,0.398319,0.402177,0.409118,0.402457,0.392536,0.401661,0.376056,0.403341,0.396829,0.406144,0.386658,0.396405,0.404962,0.377731
6,0.415340,0.400640,0.422405,0.405711,0.426108,0.409001,0.412585,0.398580,0.414682,0.404929,0.417847,0.399278,0.412858,0.424299,0.416434
7,0.405084,0.402342,0.395891,0.392072,0.405940,0.386065,0.393624,0.373588,0.385767,0.387778,0.396194,0.380756,0.397609,0.400339,0.394191
8,0.411692,0.417037,0.420184,0.418450,0.423311,0.405054,0.405586,0.393051,0.412830,0.403134,0.411310,0.392974,0.411986,0.419710,0.378846
9,0.416907,0.408843,0.411925,0.419984,0.420565,0.403507,0.423182,0.393881,0.422393,0.399761,0.419095,0.404794,0.410361,0.430873,0.395977
10,0.425225,0.431678,0.424034,0.427281,0.429150,0.419445,0.427189,0.395986,0.424949,0.420931,0.422608,0.405772,0.433466,0.428729,0.411103
11,0.417052,0.418025,0.402402,0.420631,0.414039,0.416145,0.423063,0.381661,0.403154,0.407768,0.414049,0.391299,0.410152,0.413938,0.394898
60,0.401300,0.393095,0.389797,0.406124,0.405773,0.377456,0.393792,0.376852,0.397244,0.383569,0.387979,0.381398,0.388300,0.401960,0.362442
61,0.390914,0.387931,0.396239,0.392552,0.397249,0.392735,0.389829,0.375299,0.391945,0.388010,0.392509,0.373225,0.404264,0.399937,0.379486
62,0.401805,0.387455,0.400211,0.398368,0.416909,0.391828,0.401695,0.383799,0.385330,0.398138,0.409357,0.385610,0.393077,0.410578,0.374818
63,0.414986,0.404603,0.411696,0.412432,0.425282,0.398385,0.412848,0.383151,0.413408,0.413652,0.412978,0.391705,0.402474,0.414044,0.398056
44,0.401989,0.402786,0.425396,0.426709,0.420478,0.407082,0.420627,0.396009,0.420004,0.413844,0.418496,0.404359,0.409797,0.428900,0.395364
45,0.401746,0.396236,0.393754,0.400597,0.407999,0.382926,0.411283,0.375230,0.392856,0.395124,0.395063,0.386225,0.394787,0.394761,0.383385
46,0.385891,0.404061,0.394913,0.409643,0.411551,0.384183,0.392107,0.376349,0.402219,0.393458,0.398816,0.375013,0.408850,0.396065,0.362964
47,0.403524,0.404690,0.409145,0.399855,0.413261,0.400268,0.401812,0.396034,0.415215,0.406369,0.407944,0.407133,0.405179,0.420046,0.396138
48,0.441839,0.439424,0.438683,0.445126,0.439841,0.432753,0.434457,0.400174,0.439257,0.425425,0.430557,0.419334,0.449994,0.437857,0.419441
49,0.399637,0.392440,0.388674,0.403088,0.402350,0.385729,0.400462,0.367797,0.390243,0.391902,0.388746,0.382158,0.395653,0.399820,0.378922
50,0.422821,0.416121,0.410802,0.425450,0.430033,0.406280,0.422920,0.390460,0.425947,0.417349,0.411554,0.400659,0.407650,0.414209,0.398442
51,0.403473,0.396642,0.405508,0.409840,0.408837,0.399543,0.406777,0.391836,0.415675,0.411925,0.412681,0.394165,0.409411,0.422705,0.383109
28,0.418023,0.411222,0.428387,0.418787,0.412619,0.411730,0.411575,0.391867,0.418066,0.412339,0.409052,0.401887,0.416213,0.421707,0.396476
29,0.405168,0.407828,0.399358,0.398587,0.402822,0.381962,0.398904,0.370305,0.387682,0.390719,0.391267,0.384163,0.392354,0.405400,0.370811
30,0.415780,0.404830,0.406300,0.406505,0.411731,0.400727,0.400425,0.377419,0.400974,0.400893,0.410181,0.383383,0.408497,0.408229,0.387296
31,0.416415,0.419596,0.407101,0.412116,0.413363,0.393043,0.405718,0.389342,0.420703,0.400236,0.410697,0.395202,0.413471,0.415599,0.387008
32,0.407226,0.399578,0.401202,0.396557,0.417481,0.379971,0.405587,0.374787,0.406637,0.391163,0.398926,0.395941,0.401975,0.411492,0.379158
33,0.409632,0.400444,0.408125,0.407127,0.409032,0.395858,0.405053,0.385533,0.399849,0.403269,0.405019,0.390723,0.411982,0.421172,0.392003
34,0.390455,0.395600,0.402319,0.411541,0.405500,0.396055,0.404467,0.376398,0.404270,0.394493,0.397547,0.389505,0.409912,0.410172,0.386996
35,0.424537,0.412157,0.422961,0.419555,0.421432,0.392361,0.409466,0.394199,0.421346,0.402365,0.413879,0.402946,0.409626,0.422239,0.397273
64,0.371798,0.369738,0.368750,0.379713,0.384128,0.368433,0.374903,0.349969,0.381542,0.378831,0.383198,0.356334,0.382703,0.385316,0.362144
65,0.391796,0.385419,0.404345,0.403432,0.395859,0.383175,0.406745,0.373000,0.397892,0.391672,0.396683,0.377536,0.391175,0.403278,0.380202
66,0.420670,0.410995,0.415620,0.421425,0.416714,0.409214,0.413327,0.394664,0.412685,0.410509,0.413753,0.393413,0.411531,0.427233,0.390528
67,0.406052,0.394315,0.401526,0.384521,0.406110,0.373383,0.384161,0.384288,0.393785,0.389485,0.391479,0.385526,0.390370,0.412825,0.375713
68,0.414776,0.411715,0.421414,0.429404,0.422242,0.407277,0.419366,0.396522,0.407054,0.402663,0.421897,0.393826,0.416373,0.419482,0.396221
69,0.400798,0.398810,0.407432,0.404693,0.410946,0.393514,0.408765,0.391203,0.396610,0.404869,0.405326,0.386834,0.405413,0.416270,0.387385
70,0.390724,0.388274,0.392498,0.401048,0.393262,0.376197,0.384530,0.363380,0.403842,0.388027,0.398491,0.372246,0.388988,0.401343,0.376083
71,0.404751,0.401595,0.409603,0.426423,0.421140,0.406490,0.416330,0.383454,0.412405,0.407128,0.412473,0.401906,0.407716,0.421385,0.387285
72,0.367211,0.389253,0.385388,0.382816,0.395512,0.358985,0.385920,0.364212,0.383458,0.377522,0.382912,0.372299,0.370650,0.384189,0.363570
73,0.402968,0.399315,0.393474,0.414644,0.399346,0.389668,0.408753,0.381167,0.395891,0.402238,0.398512,0.387347,0.395611,0.405909,0.382833
74,0.413245,0.402671,0.411165,0.428735,0.412992,0.412914,0.419492,0.388186,0.411861,0.407589,0.415663,0.410650,0.414629,0.418788,0.396254
75,0.417336,0.407733,0.413758,0.418384,0.424951,0.406248,0.416150,0.398204,0.409615,0.417304,0.410545,0.389141,0.412892,0.412116,0.392024
92,0.408760,0.402611,0.407342,0.400118,0.418478,0.391691,0.409540,0.390995,0.399422,0.397790,0.415473,0.389937,0.407038,0.410974,0.392267
93,0.411456,0.410121,0.408000,0.425358,0.422065,0.400522,0.409702,0.398897,0.415642,0.413643,0.418566,0.390400,0.419692,0.408666,0.388339
94,0.401101,0.384667,0.405834,0.408099,0.404381,0.393781,0.402383,0.376225,0.397853,0.387296,0.392987,0.383079,0.399098,0.402825,0.374907
95,0.421330,0.411615,0.422123,0.418894,0.422451,0.412683,0.412349,0.406560,0.426894,0.414366,0.427398,0.401577,0.426181,0.419312,0.393783
76,0.405864,0.384337,0.388220,0.409571,0.409262,0.381820,0.388176,0.379430,0.396959,0.394888,0.404450,0.388128,0.396194,0.410616,0.381104
77,0.418582,0.401085,0.427733,0.423910,0.420804,0.400159,0.418481,0.396478,0.411415,0.408727,0.416031,0.402072,0.422067,0.428409,0.393393
78,0.387527,0.393804,0.395059,0.399852,0.401090,0.376975,0.394571,0.367179,0.397615,0.391595,0.400911,0.387884,0.385708,0.408591,0.381066
79,0.392451,0.382836,0.394957,0.396124,0.393700,0.388576,0.392505,0.377186,0.395100,0.392995,0.408370,0.373551,0.392578,0.409361,0.382784
80,0.410699,0.393230,0.412678,0.403475,0.415220,0.398951,0.409974,0.384564,0.395235,0.406359,0.415020,0.392841,0.414862,0.418993,0.394668
81,0.393020,0.395793,0.386759,0.399978,0.397455,0.383596,0.387539,0.361694,0.396337,0.383583,0.396639,0.390971,0.388816,0.397630,0.378647
82,0.424555,0.425923,0.422752,0.433588,0.424789,0.414469,0.428306,0.401791,0.424683,0.423875,0.415086,0.412059,0.415608,0.422451,0.395499
83,0.406257,0.414354,0.412415,0.419824,0.421327,0.397152,0.418849,0.380445,0.411552,0.411132,0.408885,0.395449,0.410857,0.409308,0.369797
84,0.416220,0.417359,0.412066,0.426777,0.415521,0.412074,0.423567,0.389947,0.412114,0.414419,0.417584,0.407706,0.408915,0.426102,0.399706
85,0.404046,0.391438,0.401883,0.405074,0.402967,0.383361,0.402487,0.382121,0.399354,0.390651,0.400547,0.370740,0.405808,0.404703,0.386420
86,0.417926,0.422770,0.419538,0.420903,0.417466,0.404912,0.410420,0.387782,0.421813,0.413137,0.410037,0.403736,0.418141,0.423538,0.388954
87,0.407163,0.388852,0.409118,0.404281,0.410531,0.389406,0.394842,0.380475,0.404845,0.402869,0.398498,0.393641,0.405233,0.415661,0.386000
112,0.402055,0.399430,0.398936,0.401912,0.405129,0.396436,0.403433,0.374047,0.410570,0.401060,0.404723,0.390971,0.411475,0.407809,0.384142
113,0.404016,0.404173,0.403168,0.412630,0.413068,0.393178,0.403342,0.388805,0.403949,0.408426,0.407458,0.389656,0.411966,0.415013,0.377857
114,0.428213,0.415016,0.429967,0.445547,0.441950,0.401961,0.432026,0.417333,0.432049,0.423482,0.426826,0.416150,0.433004,0.438716,0.401931
115,0.376939,0.388470,0.388296,0.403476,0.391216,0.381288,0.396522,0.380892,0.384056,0.385596,0.386834,0.364898,0.392570,0.403171,0.369616
120,0.399012,0.409630,0.389647,0.403401,0.410546,0.370364,0.396328,0.378039,0.386970,0.377977,0.384134,0.376092,0.395056,0.392545,0.379240
121,0.411457,0.404696,0.414517,0.421085,0.413581,0.404963,0.412327,0.392884,0.415237,0.406823,0.418196,0.395539,0.411616,0.426745,0.384674
122,0.391160,0.393095,0.389211,0.405458,0.401321,0.388616,0.394621,0.367675,0.390866,0.397574,0.409355,0.372845,0.388403,0.404032,0.369206
123,0.410489,0.419381,0.403056,0.419408,0.414331,0.394529,0.414289,0.374587,0.410020,0.393309,0.410128,0.388220,0.415891,0.421744,0.384266
96,0.408832,0.415318,0.409275,0.411424,0.426208,0.401127,0.414983,0.387648,0.412091,0.415745,0.420009,0.392527,0.411711,0.416807,0.392923
97,0.406879,0.392803,0.406138,0.414019,0.422551,0.396139,0.404510,0.379612,0.414523,0.402688,0.398456,0.393633,0.400999,0.421078,0.380481
98,0.407215,0.391218,0.409841,0.415048,0.411390,0.399435,0.413134,0.397711,0.413445,0.407832,0.399130,0.391301,0.413697,0.415325,0.385225
99,0.411517,0.398919,0.397420,0.409092,0.411624,0.389071,0.393835,0.385206,0.390620,0.397102,0.408379,0.390671,0.398570,0.418706,0.372465
108,0.429674,0.417204,0.436010,0.428757,0.427982,0.423343,0.421205,0.398708,0.427971,0.419234,0.411892,0.404914,0.424620,0.428610,0.415610
109,0.399856,0.405181,0.407739,0.427893,0.417975,0.400219,0.417957,0.381676,0.413201,0.409156,0.411975,0.400518,0.411489,0.422451,0.395041
110,0.425777,0.416663,0.425968,0.425998,0.430484,0.425393,0.419009,0.398349,0.423879,0.425135,0.422806,0.413678,0.419545,0.432872,0.409549
111,0.416969,0.408600,0.415371,0.420275,0.412412,0.402490,0.414157,0.392214,0.411636,0.402318,0.420298,0.399060,0.421313,0.419297,0.401510
100,0.383408,0.373344,0.385321,0.381921,0.386849,0.363664,0.377993,0.357959,0.370358,0.377993,0.382597,0.365761,0.369782,0.387359,0.359431
101,0.405720,0.403841,0.406259,0.421573,0.418834,0.399024,0.416888,0.388934,0.402936,0.414219,0.409770,0.398809,0.405562,0.418028,0.389558
102,0.419082,0.399493,0.417161,0.411549,0.413235,0.403674,0.411600,0.388129,0.409249,0.418555,0.419069,0.387075,0.424131,0.417365,0.396740
103,0.392040,0.391835,0.393711,0.407610,0.399573,0.391382,0.392793,0.364665,0.386228,0.391249,0.393902,0.373635,0.393736,0.399164,0.371917
88,0.389365,0.392632,0.380814,0.403269,0.389046,0.379665,0.397376,0.363100,0.395307,0.375634,0.393245,0.371560,0.388136,0.396345,0.366593
89,0.400070,0.387724,0.392330,0.408075,0.400125,0.388391,0.402318,0.374770,0.400037,0.392238,0.393683,0.381144,0.389867,0.411254,0.374605
90,0.415813,0.416653,0.420527,0.417478,0.427902,0.410722,0.411703,0.394724,0.418379,0.399428,0.412058,0.403693,0.409560,0.423989,0.406073
91,0.398579,0.396501,0.400158,0.406267,0.406824,0.394670,0.404169,0.380106,0.412889,0.400745,0.402599,0.386243,0.392622,0.404815,0.390317
104,0.384555,0.392409,0.392205,0.395497,0.394989,0.368708,0.396278,0.371509,0.380174,0.386587,0.380060,0.376263,0.388191,0.401142,0.368461
105,0.407094,0.403531,0.407622,0.417039,0.421636,0.392161,0.417078,0.381478,0.407736,0.404084,0.414762,0.400549,0.410779,0.419435,0.392118
106,0.385752,0.376511,0.384069,0.389771,0.390261,0.369561,0.382026,0.355710,0.368618,0.374346,0.379197,0.372438,0.385206,0.388533,0.370761
107,0.396630,0.405810,0.406180,0.404887,0.406954,0.383414,0.402848,0.378127,0.400695,0.393060,0.408074,0.395107,0.406834,0.414274,0.390934
116,0.415644,0.419782,0.407231,0.420485,0.417176,0.391008,0.416150,0.395028,0.414952,0.399443,0.408293,0.409750,0.407270,0.425515,0.401222
117,0.406606,0.400404,0.411418,0.411428,0.404644,0.388327,0.409500,0.383107,0.401085,0.403592,0.404780,0.382140,0.408085,0.404827,0.377973
118,0.386612,0.380844,0.380062,0.377350,0.384550,0.374254,0.375656,0.357413,0.384054,0.379944,0.392147,0.362651,0.379536,0.395537,0.355202
119,0.409705,0.410989,0.395510,0.412440,0.405370,0.390966,0.420136,0.377460,0.402495,0.391466,0.404378,0.385332,0.406392,0.406555,0.386772
124,0.398656,0.403784,0.406595,0.416421,0.405654,0.398647,0.408634,0.387209,0.406029,0.394941,0.400664,0.381891,0.402979,0.405992,0.388794
125,0.418112,0.411957,0.425449,0.417937,0.423460,0.406405,0.418355,0.397510,0.418858,0.418010,0.413049,0.405255,0.418737,0.426139,0.396740
126,0.368700,0.366988,0.372366,0.379615,0.382677,0.354239,0.368895,0.353208,0.367548,0.377776,0.364917,0.355062,0.374600,0.382717,0.342642
127,0.412570,0.413325,0.410245,0.425836,0.419734,0.414077,0.412344,0.381020,0.411744,0.405137,0.417859,0.392537,0.411116,0.423034,0.402275
128,0.427556,0.425032,0.429824,0.421852,0.435647,0.415918,0.429637,0.390047,0.421969,0.425176,0.426998,0.404651,0.431242,0.435817,0.407271
129,0.405253,0.408443,0.409296,0.412607,0.425459,0.397621,0.409318,0.394150,0.411623,0.398138,0.409932,0.393722,0.406454,0.418055,0.385827
130,0.405463,0.410038,0.419762,0.417602,0.424346,0.396036,0.413100,0.385131,0.399508,0.400729,0.416792,0.395611,0.419874,0.412030,0.388579
131,0.419779,0.428067,0.432653,0.427783,0.430954,0.405790,0.424857,0.404683,0.423645,0.423720,0.427727,0.415324,0.425174,0.430930,0.405872
132,0.404290,0.397609,0.390882,0.408904,0.399306,0.380342,0.396752,0.370193,0.393963,0.390446,0.388298,0.373358,0.393032,0.402565,0.367173
133,0.419970,0.424666,0.422383,0.425791,0.423316,0.414684,0.423445,0.394541,0.417500,0.411033,0.422594,0.409656,0.417049,0.421791,0.399556
134,0.402084,0.388572,0.401279,0.410341,0.407957,0.399461,0.408439,0.381859,0.395908,0.405202,0.392930,0.385204,0.396623,0.405026,0.383247
135,0.384780,0.365372,0.372429,0.379517,0.387271,0.366162,0.371157,0.342493,0.374471,0.369281,0.378744,0.372413,0.376150,0.385688,0.360736
136,0.390968,0.383642,0.396611,0.407398,0.407129,0.395081,0.402253,0.384784,0.387570,0.386888,0.405537,0.376532,0.412187,0.404046,0.389216
137,0.396605,0.394794,0.392354,0.402550,0.403402,0.382578,0.388090,0.380804,0.393308,0.393443,0.384335,0.378626,0.390479,0.406969,0.368045
138,0.401820,0.394133,0.399252,0.415561,0.410776,0.381713,0.400876,0.379409,0.390904,0.387941,0.396889,0.364512,0.394047,0.406640,0.371316
139,0.413176,0.423771,0.413300,0.422079,0.431440,0.410295,0.408760,0.406681,0.426710,0.414458,0.419719,0.400115,0.416018,0.425214,0.394180
156,0.375757,0.376459,0.371936,0.385471,0.384385,0.380421,0.371209,0.350241,0.373917,0.370382,0.360059,0.359132,0.368737,0.387692,0.348192
157,0.407548,0.411655,0.400660,0.406127,0.411387,0.402891,0.396613,0.380732,0.406559,0.402511,0.404762,0.389400,0.391197,0.410619,0.375809
158,0.392684,0.393256,0.374013,0.400152,0.396092,0.380163,0.387032,0.360271,0.390099,0.373923,0.392227,0.369353,0.391834,0.392938,0.376557
159,0.417867,0.408114,0.416975,0.426328,0.437433,0.411777,0.416319,0.400586,0.419932,0.419185,0.430674,0.399819,0.427481,0.430877,0.392863
168,0.395438,0.393675,0.396744,0.401777,0.401101,0.393730,0.391158,0.376365,0.389192,0.385189,0.401456,0.368724,0.400511,0.402718,0.381284
169,0.407864,0.394717,0.397830,0.405588,0.415028,0.387729,0.408259,0.379753,0.400984,0.404433,0.409423,0.392702,0.407611,0.413245,0.391623
170,0.411915,0.398346,0.414832,0.416766,0.416775,0.399894,0.419999,0.391148,0.416190,0.405481,0.421465,0.400638,0.408210,0.429242,0.391704
171,0.392285,0.387141,0.390151,0.394791,0.396143,0.387966,0.391950,0.369164,0.391881,0.386201,0.389706,0.366365,0.393409,0.399779,0.363467
160,0.433070,0.432425,0.422121,0.427211,0.432459,0.411431,0.420410,0.403073,0.423573,0.422012,0.430186,0.406510,0.428542,0.439044,0.404156
161,0.387531,0.380909,0.394500,0.386068,0.396486,0.377043,0.382683,0.362067,0.378968,0.384252,0.383632,0.371708,0.386814,0.389889,0.368344
162,0.397848,0.389028,0.388455,0.396324,0.403437,0.371158,0.392161,0.364773,0.387056,0.392350,0.394312,0.375728,0.390854,0.398096,0.369979
163,0.402546,0.402754,0.400716,0.415815,0.412645,0.392111,0.410861,0.379771,0.404053,0.406209,0.410469,0.396659,0.401737,0.411944,0.385759
140,0.395980,0.397533,0.393121,0.404437,0.396519,0.382138,0.396330,0.374009,0.406694,0.395143,0.403218,0.370839,0.397561,0.412855,0.376701
141,0.408180,0.405264,0.413767,0.410688,0.415467,0.374662,0.412338,0.381825,0.408133,0.407462,0.410399,0.399294,0.404925,0.418227,0.383878
142,0.388471,0.386011,0.385164,0.380885,0.399946,0.365142,0.390870,0.368109,0.383772,0.384588,0.385760,0.362766,0.386123,0.392487,0.369392
143,0.424434,0.406530,0.426261,0.417030,0.427945,0.416957,0.408439,0.402156,0.419842,0.424236,0.431697,0.388198,0.431353,0.425587,0.399731
180,0.419602,0.408394,0.411843,0.422714,0.419384,0.411000,0.409492,0.393682,0.414654,0.410333,0.406993,0.400938,0.421035,0.424604,0.397756
181,0.401387,0.393758,0.414140,0.414041,0.412945,0.388708,0.404845,0.391883,0.408457,0.407103,0.419272,0.383408,0.410532,0.404641,0.378675
182,0.388154,0.377043,0.385293,0.392141,0.399550,0.375290,0.387009,0.358476,0.389738,0.382657,0.383960,0.371582,0.374769,0.387424,0.364652
183,0.404414,0.398800,0.402609,0.403520,0.414610,0.389275,0.394557,0.385766,0.402029,0.407457,0.409194,0.377410,0.407594,0.420455,0.382784
172,0.374692,0.378216,0.370421,0.385310,0.391299,0.369777,0.376330,0.358598,0.372299,0.373922,0.367483,0.361650,0.380586,0.384723,0.354011
173,0.408824,0.394448,0.408350,0.402603,0.407592,0.403741,0.408198,0.383285,0.412538,0.408220,0.407235,0.387770,0.410027,0.419141,0.387721
174,0.403528,0.399335,0.397959,0.412403,0.415951,0.392072,0.414733,0.383265,0.412193,0.396644,0.400462,0.399832,0.415119,0.416368,0.392202
175,0.398363,0.414936,0.398306,0.409418,0.412537,0.381737,0.405591,0.378623,0.404980,0.395063,0.409303,0.383498,0.403110,0.407223,0.391314
152,0.408026,0.408285,0.401391,0.424995,0.425467,0.398183,0.415045,0.390416,0.417224,0.403880,0.416098,0.397197,0.412448,0.424068,0.381399
153,0.401235,0.410082,0.407308,0.408814,0.406438,0.396509,0.399763,0.380191,0.397572,0.400758,0.404493,0.390535,0.408176,0.408858,0.387451
154,0.415414,0.412197,0.413286,0.422675,0.431240,0.414409,0.413959,0.390828,0.422843,0.414857,0.413165,0.399828,0.401391,0.416484,0.392992
155,0.403927,0.394995,0.405374,0.414564,0.403850,0.395141,0.410074,0.372444,0.395716,0.400534,0.397690,0.379497,0.404634,0.409255,0.382200
148,0.397506,0.388013,0.409101,0.416563,0.408587,0.394231,0.403213,0.375349,0.404337,0.408307,0.403999,0.393607,0.397081,0.410604,0.379350
149,0.418463,0.414675,0.420221,0.420790,0.426629,0.404003,0.418080,0.395123,0.408285,0.413316,0.420598,0.398837,0.418179,0.427733,0.396268
150,0.401335,0.399335,0.409607,0.410429,0.413180,0.395533,0.399731,0.388454,0.398984,0.396553,0.401326,0.388643,0.413377,0.412457,0.374125
151,0.401385,0.391639,0.390831,0.398763,0.401182,0.384082,0.407955,0.370425,0.388641,0.390750,0.397208,0.376048,0.388830,0.403985,0.372992
144,0.409471,0.410049,0.400174,0.408401,0.399710,0.395756,0.409612,0.375912,0.407830,0.390207,0.411321,0.381473,0.400325,0.408307,0.384805
145,0.398495,0.392493,0.409264,0.407949,0.417620,0.398806,0.404076,0.385144,0.402930,0.416135,0.411436,0.388152,0.405328,0.413729,0.382536
146,0.414146,0.411122,0.406799,0.412200,0.415369,0.397338,0.402249,0.387495,0.402642,0.405816,0.408109,0.394291,0.412337,0.417017,0.385411
147,0.402958,0.392404,0.401277,0.406875,0.415394,0.399094,0.407970,0.380699,0.403645,0.397165,0.412475,0.388036,0.406415,0.403874,0.377138
164,0.423535,0.414523,0.425844,0.437777,0.428833,0.425684,0.423180,0.405538,0.429934,0.424428,0.427706,0.411560,0.428955,0.434308,0.398054
165,0.406712,0.415080,0.416056,0.407469,0.410021,0.401548,0.412447,0.380430,0.411894,0.414138,0.416270,0.402073,0.400831,0.421785,0.398010
166,0.416384,0.413991,0.411940,0.427218,0.421869,0.414598,0.415101,0.399137,0.426268,0.419932,0.421705,0.409510,0.409972,0.430345,0.395399
167,0.414743,0.399340,0.416724,0.419267,0.414061,0.395495,0.416436,0.385947,0.413002,0.410179,0.411925,0.390639,0.420560,0.420809,0.388335
176,0.406612,0.408599,0.412384,0.411032,0.416588,0.390962,0.406810,0.397593,0.409218,0.416867,0.418261,0.397858,0.413606,0.429627,0.394523
177,0.408441,0.403845,0.401663,0.410919,0.416619,0.390053,0.409919,0.374988,0.410026,0.393679,0.411272,0.401123,0.401820,0.411225,0.388170
178,0.388039,0.377871,0.374742,0.383658,0.383697,0.368375,0.382267,0.347847,0.381909,0.372642,0.377668,0.365451,0.398604,0.385665,0.364099
179,0.405931,0.393612,0.391586,0.402905,0.404711,0.374576,0.398957,0.380583,0.395010,0.387733,0.404596,0.387455,0.398974,0.411587,0.372993
184,0.409278,0.416362,0.414606,0.427235,0.425562,0.402218,0.419250,0.381561,0.402266,0.407807,0.414676,0.400617,0.413439,0.427591,0.404657
185,0.386596,0.390745,0.397468,0.398317,0.390742,0.389486,0.395946,0.375991,0.392184,0.381181,0.397456,0.373663,0.385074,0.399284,0.381565
186,0.404218,0.406063,0.407924,0.411393,0.420760,0.405365,0.411124,0.388664,0.410952,0.411378,0.409404,0.392032,0.410341,0.423308,0.394099
187,0.410569,0.406975,0.422226,0.426675,0.424405,0.409745,0.413193,0.395743,0.406947,0.413189,0.408290,0.396227,0.408575,0.422443,0.391991
188,0.414410,0.408648,0.410445,0.422824,0.424522,0.401560,0.418309,0.397995,0.420189,0.414738,0.418843,0.401719,0.427219,0.422249,0.395833
189,0.405925,0.402076,0.413001,0.405644,0.407486,0.397929,0.410891,0.385655,0.405028,0.392474,0.410339,0.397926,0.405735,0.413638,0.383815
190,0.387078,0.389420,0.396208,0.411894,0.404381,0.393776,0.408302,0.369287,0.386211,0.388483,0.400283,0.376609,0.403094,0.405501,0.367417
191,0.388554,0.393812,0.390113,0.388757,0.391615,0.388685,0.386766,0.377996,0.391653,0.384921,0.398705,0.380384,0.389728,0.395899,0.367395
192,0.408610,0.408884,0.409769,0.421924,0.416244,0.401974,0.411232,0.386583,0.413635,0.405127,0.415534,0.403463,0.406019,0.418769,0.393511
193,0.389710,0.405537,0.396932,0.400587,0.400869,0.390211,0.403292,0.369807,0.397446,0.396017,0.392362,0.372236,0.402939,0.402759,0.364107
194,0.418523,0.413883,0.411122,0.422750,0.422832,0.405653,0.418147,0.399054,0.416307,0.402269,0.427082,0.402150,0.404221,0.422410,0.405836
195,0.410555,0.415132,0.421662,0.428476,0.419269,0.399633,0.424244,0.402039,0.412915,0.406800,0.425427,0.397036,0.417645,0.421946,0.394413
196,0.394420,0.407323,0.396160,0.417627,0.399149,0.388630,0.408594,0.387817,0.399721,0.398649,0.404724,0.386387,0.402864,0.404069,0.389078
197,0.405629,0.411631,0.408855,0.414536,0.419513,0.412657,0.411651,0.396833,0.422107,0.389994,0.401081,0.402624,0.418218,0.414085,0.398184
198,0.409340,0.410038,0.411372,0.421730,0.425000,0.403766,0.417511,0.387066,0.404871,0.415054,0.418655,0.400881,0.418944,0.428630,0.396853
199,0.388712,0.386163,0.396751,0.396765,0.387221,0.376848,0.382013,0.365799,0.388781,0.383230,0.384227,0.373491,0.390941,0.394852,0.366685
200,0.411697,0.415677,0.409005,0.416331,0.415153,0.404703,0.412104,0.392883,0.420665,0.399580,0.412138,0.393149,0.412327,0.417761,0.385970
201,0.395600,0.399272,0.390816,0.402604,0.403218,0.395452,0.397728,0.376518,0.397399,0.382333,0.386399,0.383349,0.394175,0.394097,0.373408
202,0.395817,0.411551,0.405016,0.416051,0.414051,0.394765,0.412026,0.394129,0.403840,0.403750,0.404393,0.395080,0.413776,0.411996,0.393201
203,0.395667,0.386342,0.385769,0.400391,0.394860,0.384349,0.390565,0.363609,0.391841,0.394278,0.391925,0.367603,0.398252,0.395068,0.373766
204,0.384537,0.379105,0.380604,0.406967,0.400714,0.367120,0.400047,0.359791,0.384820,0.390281,0.386483,0.385209,0.382448,0.398026,0.366163
205,0.413190,0.415948,0.407946,0.428360,0.422839,0.414060,0.417322,0.390836,0.415629,0.412282,0.415537,0.393302,0.426555,0.431425,0.393362
206,0.397754,0.378638,0.387083,0.399482,0.399652,0.386164,0.396405,0.364701,0.399106,0.389732,0.404567,0.381012,0.405390,0.408782,0.375847
207,0.418665,0.413112,0.409754,0.406866,0.418733,0.407538,0.409767,0.388675,0.408658,0.406256,0.420573,0.394651,0.410390,0.417535,0.386855
212,0.440146,0.426359,0.434954,0.430817,0.435126,0.422568,0.431417,0.398738,0.426242,0.421655,0.433833,0.414168,0.430873,0.441122,0.410671
213,0.404648,0.397486,0.394101,0.399441,0.404535,0.389754,0.388270,0.376767,0.395429,0.395366,0.403390,0.372224,0.402296,0.399845,0.382240
214,0.414544,0.401239,0.404895,0.413442,0.416572,0.390687,0.405551,0.382672,0.405559,0.403595,0.405762,0.391656,0.405495,0.411932,0.386617
215,0.415442,0.400260,0.398040,0.405470,0.414514,0.403419,0.410596,0.390929,0.409273,0.397984,0.412607,0.390331,0.394965,0.410908,0.390320
208,0.416913,0.415117,0.409303,0.421701,0.414551,0.405469,0.413505,0.381156,0.405917,0.409746,0.410456,0.382419,0.442735,0.414157,0.381709
209,0.393841,0.394807,0.391402,0.404966,0.411494,0.384825,0.393306,0.364654,0.391072,0.387261,0.397206,0.383275,0.402213,0.399721,0.372966
210,0.403933,0.409229,0.415139,0.414272,0.415899,0.397484,0.418398,0.390785,0.409477,0.407898,0.415439,0.402782,0.412304,0.425406,0.396813
211,0.400594,0.402659,0.409793,0.411310,0.408523,0.398329,0.395225,0.383133,0.398972,0.391979,0.400799,0.389180,0.400414,0.405720,0.379723
220,0.405100,0.410278,0.387456,0.410316,0.407053,0.395697,0.403118,0.374202,0.405066,0.401096,0.408125,0.389274,0.410142,0.412105,0.395159
221,0.385824,0.371283,0.389013,0.390560,0.391064,0.366310,0.384358,0.364336,0.388672,0.378960,0.382425,0.368295,0.389598,0.389512,0.357717
222,0.407790,0.408225,0.397874,0.412446,0.419314,0.398667,0.411633,0.387187,0.411247,0.398973,0.406550,0.389215,0.408243,0.415405,0.395721
223,0.387384,0.397923,0.395444,0.396132,0.401825,0.387764,0.382014,0.360170,0.394020,0.386729,0.382497,0.371321,0.391683,0.396298,0.365807
224,0.424298,0.425503,0.427970,0.431115,0.436028,0.414948,0.422359,0.399563,0.429913,0.416960,0.417784,0.417144,0.424838,0.439274,0.389175
225,0.412925,0.419109,0.413665,0.430878,0.428914,0.399503,0.424645,0.392849,0.415901,0.411535,0.407269,0.402604,0.405011,0.427571,0.397972
226,0.404941,0.416252,0.409492,0.414160,0.419650,0.399487,0.406650,0.382616,0.407689,0.398039,0.407530,0.391466,0.402799,0.408415,0.384977
227,0.424385,0.411461,0.426030,0.428969,0.433353,0.408264,0.419728,0.397369,0.432432,0.419280,0.423931,0.400333,0.416293,0.439402,0.395334
216,0.399150,0.396070,0.401412,0.411175,0.410609,0.393007,0.393010,0.372152,0.401463,0.393820,0.397248,0.379289,0.409393,0.404841,0.366881
217,0.428527,0.407558,0.419464,0.415530,0.424962,0.409695,0.402365,0.403303,0.412077,0.417785,0.414244,0.398537,0.415604,0.432876,0.399204
218,0.397925,0.390585,0.378039,0.401862,0.394959,0.391084,0.396713,0.369658,0.387679,0.384233,0.386359,0.374968,0.388392,0.403414,0.373629
219,0.395567,0.400043,0.394897,0.399291,0.410471,0.382920,0.403360,0.369018,0.399578,0.386053,0.402133,0.390699,0.401494,0.405939,0.387456
232,0.415409,0.424151,0.419886,0.423251,0.434777,0.412275,0.413837,0.390413,0.418786,0.416599,0.413479,0.410104,0.415116,0.421940,0.385178
233,0.420377,0.414112,0.413514,0.431219,0.425660,0.416517,0.424727,0.397238,0.415741,0.407714,0.416828,0.398506,0.414185,0.418290,0.395588
234,0.403259,0.388471,0.396454,0.402656,0.408798,0.377668,0.404793,0.370958,0.395514,0.400318,0.406760,0.386183,0.400160,0.411058,0.381291
235,0.416623,0.419078,0.414409,0.415584,0.422911,0.403546,0.399553,0.397712,0.413519,0.408820,0.413692,0.397391,0.414198,0.424625,0.380603
240,0.419328,0.410560,0.423250,0.427547,0.431724,0.400903,0.419205,0.406742,0.403486,0.414766,0.424977,0.402588,0.410356,0.426526,0.403350
241,0.382487,0.396533,0.394730,0.395401,0.403864,0.388739,0.398594,0.378526,0.395115,0.392609,0.387489,0.399982,0.385796,0.405914,0.366393
242,0.408030,0.403436,0.407237,0.417740,0.413814,0.400092,0.408275,0.380618,0.408866,0.400404,0.409407,0.395343,0.402156,0.408927,0.382583
243,0.410735,0.403531,0.414446,0.416960,0.417156,0.411297,0.406736,0.381955,0.414264,0.405893,0.418572,0.391566,0.412492,0.419806,0.401465
228,0.382375,0.392172,0.396763,0.404322,0.403019,0.390997,0.391944,0.373104,0.398296,0.399418,0.399128,0.385786,0.404869,0.401067,0.373328
229,0.403514,0.402233,0.397107,0.418635,0.414701,0.390322,0.407533,0.377266,0.399132,0.395782,0.401617,0.388997,0.396745,0.404081,0.383620
230,0.406586,0.392356,0.412561,0.404394,0.416214,0.401864,0.403400,0.384971,0.400175,0.403670,0.419390,0.379215,0.409131,0.414854,0.381779
231,0.406232,0.387720,0.393388,0.404097,0.401073,0.400666,0.397087,0.366978,0.396085,0.396190,0.383416,0.377526,0.403044,0.394875,0.379050
236,0.427157,0.418023,0.424199,0.426703,0.432121,0.415701,0.432238,0.401319,0.426902,0.426067,0.427070,0.415201,0.425799,0.434665,0.411532
237,0.413558,0.420245,0.416276,0.420695,0.423635,0.411224,0.419489,0.392470,0.412887,0.413728,0.423682,0.404916,0.412760,0.423796,0.402836
238,0.416478,0.414504,0.416561,0.415623,0.420415,0.396495,0.415570,0.393157,0.417371,0.408280,0.423990,0.387451,0.421628,0.423673,0.398314
239,0.416746,0.413730,0.405812,0.421567,0.420322,0.402342,0.416354,0.381459,0.410301,0.407607,0.414373,0.398477,0.414834,0.415144,0.402510
244,0.395257,0.391430,0.384710,0.394211,0.394113,0.377053,0.393995,0.359188,0.389072,0.390694,0.372185,0.368929,0.393576,0.386814,0.367983
245,0.432661,0.423263,0.433935,0.436579,0.436471,0.419506,0.424295,0.410011,0.426077,0.419242,0.432353,0.408704,0.433714,0.435489,0.398460
246,0.390911,0.381519,0.401147,0.402977,0.399883,0.376798,0.401287,0.375241,0.388628,0.391975,0.398646,0.384938,0.394765,0.399146,0.380868
247,0.415642,0.405763,0.414240,0.420992,0.418485,0.410725,0.411033,0.395996,0.415908,0.410252,0.410021,0.405562,0.411487,0.425569,0.397464
248,0.415725,0.393110,0.415694,0.415155,0.416727,0.417204,0.412028,0.392215,0.405492,0.400423,0.403794,0.388849,0.420718,0.422909,0.381180
249,0.399009,0.394544,0.404721,0.406764,0.417987,0.398919,0.403899,0.385061,0.405402,0.397389,0.404380,0.389065,0.402308,0.408158,0.384866
250,0.408311,0.408881,0.416937,0.416252,0.417302,0.413029,0.413715,0.394211,0.406717,0.410985,0.411838,0.396568,0.410628,0.426763,0.383886
251,0.402468,0.390310,0.408129,0.392009,0.407771,0.389438,0.397499,0.371419,0.387088,0.395291,0.398743,0.374453,0.402588,0.407181,0.372042
252,0.411650,0.399278,0.409185,0.407952,0.418188,0.396581,0.405726,0.381610,0.395102,0.394707,0.413011,0.391575,0.400924,0.412700,0.388673
253,0.398486,0.393215,0.396999,0.400869,0.397348,0.391152,0.399900,0.376814,0.395640,0.389072,0.400112,0.382525,0.394756,0.401119,0.385063
254,0.421668,0.411224,0.415859,0.420405,0.423046,0.403234,0.412906,0.393056,0.409757,0.409124,0.411230,0.395922,0.420147,0.429564,0.395352
255,0.422802,0.406201,0.422170,0.420740,0.422935,0.412371,0.416674,0.393530,0.415371,0.411072,0.419640,0.397317,0.410136,0.424623,0.403225
256,0.418976,0.408470,0.422044,0.416971,0.420666,0.402608,0.416205,0.382210,0.416427,0.417230,0.423105,0.395091,0.429002,0.427360,0.388172
257,0.409323,0.405963,0.412815,0.416136,0.417648,0.392477,0.412678,0.383489,0.405445,0.417595,0.408164,0.402085,0.410145,0.414068,0.387113
258,0.411416,0.395526,0.411544,0.412274,0.413969,0.391573,0.404477,0.376680,0.406722,0.397313,0.409426,0.383576,0.414004,0.409188,0.377964
259,0.419335,0.415804,0.405145,0.420796,0.417447,0.415703,0.409177,0.384259,0.416191,0.393432,0.423811,0.397313,0.406033,0.418835,0.402483
260,0.383312,0.379780,0.390205,0.405094,0.394635,0.381859,0.395148,0.366040,0.397760,0.386705,0.397256,0.377952,0.396305,0.396182,0.364363
261,0.405556,0.398558,0.399243,0.395122,0.398001,0.392227,0.391552,0.370515,0.407057,0.400381,0.398278,0.380235,0.392671,0.412138,0.377960
262,0.403681,0.409113,0.413836,0.416310,0.410654,0.405299,0.415326,0.390210,0.414576,0.411567,0.417478,0.394192,0.413936,0.417382,0.400001
263,0.413051,0.410822,0.419906,0.427259,0.415232,0.397991,0.419941,0.397776,0.408427,0.403786,0.416451,0.395476,0.420375,0.422403,0.392815
264,0.399751,0.408879,0.405414,0.412658,0.409505,0.392696,0.407780,0.388159,0.410172,0.398261,0.405796,0.389556,0.406478,0.413158,0.385830
265,0.410071,0.421068,0.408397,0.431129,0.421942,0.405429,0.418374,0.404281,0.408741,0.411062,0.412294,0.403712,0.413401,0.414037,0.396285
266,0.393452,0.391518,0.394753,0.408984,0.407719,0.391606,0.402110,0.377230,0.389610,0.397297,0.404065,0.391528,0.399672,0.411769,0.383958
267,0.386545,0.384826,0.386208,0.387916,0.390744,0.372756,0.382628,0.363348,0.393437,0.382983,0.390573,0.377755,0.387895,0.392437,0.358386
268,0.409077,0.397567,0.398579,0.410551,0.409971,0.382185,0.408001,0.379860,0.399632,0.387364,0.403979,0.385710,0.404526,0.402669,0.376136
269,0.410563,0.416057,0.417563,0.412230,0.424444,0.401955,0.409320,0.394926,0.415783,0.413920,0.412921,0.389635,0.412845,0.421543,0.383773
270,0.415161,0.405087,0.408299,0.416904,0.406014,0.396684,0.413683,0.386341,0.399092,0.398171,0.413317,0.389749,0.413911,0.418771,0.393335
271,0.416211,0.415678,0.426355,0.423854,0.428212,0.393513,0.423709,0.387466,0.421115,0.411777,0.420420,0.402554,0.422597,0.438482,0.403666
272,0.384303,0.384394,0.381976,0.389384,0.391953,0.368707,0.384463,0.358570,0.378686,0.379135,0.388170,0.369609,0.388172,0.388517,0.374028
273,0.400521,0.407678,0.405149,0.410051,0.409723,0.394136,0.408711,0.387973,0.416478,0.394542,0.405240,0.390396,0.408160,0.407254,0.387583
274,0.404907,0.404335,0.410334,0.413310,0.420394,0.391055,0.398556,0.377364,0.405949,0.402241,0.390963,0.392848,0.413955,0.407838,0.397909
275,0.400845,0.395923,0.399535,0.407379,0.407309,0.398728,0.406538,0.385590,0.400331,0.398073,0.407868,0.378169,0.414296,0.408993,0.381214
276,0.412036,0.409054,0.406491,0.415107,0.426215,0.400260,0.413883,0.392938,0.419063,0.391241,0.406670,0.407313,0.419645,0.421877,0.392907
277,0.405279,0.410335,0.407427,0.418121,0.408740,0.408030,0.406919,0.381820,0.408189,0.403501,0.404598,0.379466,0.411001,0.409195,0.380258
278,0.409798,0.404657,0.403679,0.413998,0.408821,0.389404,0.405142,0.374999,0.398792,0.391067,0.402587,0.385942,0.407177,0.415430,0.386727
279,0.421046,0.421548,0.421485,0.426704,0.429233,0.417602,0.417418,0.393096,0.427599,0.418286,0.415772,0.407324,0.417612,0.423652,0.403495
280,0.415964,0.409459,0.420281,0.409813,0.420931,0.402177,0.404532,0.394789,0.413963,0.417834,0.418784,0.402240,0.405385,0.427113,0.406872
281,0.424617,0.430399,0.429176,0.429027,0.432302,0.413860,0.420307,0.409344,0.420324,0.410283,0.423593,0.412244,0.421157,0.427205,0.395853
282,0.406137,0.402075,0.419305,0.431325,0.426413,0.407884,0.422178,0.394748,0.412012,0.413686,0.416743,0.401988,0.406799,0.417104,0.394124
283,0.409103,0.417354,0.407251,0.429011,0.412961,0.406068,0.426369,0.392891,0.418548,0.406929,0.401440,0.398909,0.416560,0.423924,0.389437
284,0.399292,0.401891,0.403721,0.409416,0.401707,0.391300,0.397845,0.386144,0.407271,0.395715,0.395798,0.388669,0.410422,0.403988,0.382549
285,0.403513,0.390512,0.394183,0.408633,0.409691,0.386919,0.397439,0.370742,0.402941,0.378385,0.403750,0.383761,0.403770,0.414295,0.381964
286,0.387329,0.379720,0.385387,0.385206,0.391963,0.377670,0.385283,0.366378,0.387147,0.374589,0.387625,0.376412,0.376333,0.397243,0.368176
287,0.401977,0.400487,0.414762,0.410275,0.411307,0.395909,0.401423,0.392211,0.411746,0.404660,0.411334,0.395106,0.406682,0.423559,0.379812
288,0.426005,0.413992,0.421212,0.413183,0.421916,0.394653,0.421419,0.393549,0.417177,0.409147,0.423566,0.410104,0.409368,0.426425,0.401987
289,0.385702,0.398902,0.387415,0.396839,0.391855,0.372937,0.392456,0.368433,0.389044,0.378426,0.395503,0.368770,0.388470,0.396528,0.375262
290,0.399168,0.396938,0.410571,0.421282,0.420802,0.393906,0.415825,0.384513,0.411674,0.391270,0.402649,0.391705,0.411385,0.402845,0.379166
291,0.381501,0.398271,0.396023,0.392151,0.397680,0.379452,0.389261,0.364395,0.379526,0.383687,0.392180,0.378453,0.391902,0.392291,0.372346
292,0.395297,0.385402,0.394112,0.396316,0.402996,0.370752,0.386507,0.371743,0.392550,0.386025,0.394669,0.368605,0.390282,0.397848,0.362578
293,0.423982,0.410278,0.411131,0.415885,0.412726,0.403525,0.411091,0.395042,0.406397,0.405882,0.417357,0.387392,0.416662,0.418051,0.394576
294,0.394209,0.392460,0.399205,0.398930,0.400720,0.387957,0.394162,0.364117,0.403650,0.392841,0.383329,0.382383,0.404061,0.403894,0.366194
295,0.410427,0.409085,0.402369,0.418023,0.413840,0.403115,0.404757,0.388036,0.405716,0.403334,0.407363,0.402827,0.416847,0.421918,0.401831
300,0.381852,0.385158,0.375638,0.400472,0.392146,0.363754,0.390453,0.361361,0.374852,0.370757,0.383751,0.372704,0.385047,0.394786,0.358815
301,0.368039,0.376909,0.378800,0.384894,0.394844,0.374910,0.373228,0.365429,0.377273,0.367993,0.376331,0.371790,0.374600,0.379291,0.356922
302,0.399010,0.398587,0.408168,0.409383,0.411444,0.390718,0.410820,0.375202,0.404447,0.397041,0.403959,0.391707,0.413291,0.407005,0.379125
303,0.421438,0.415632,0.426203,0.437353,0.433356,0.409558,0.426753,0.395268,0.421568,0.416254,0.423628,0.407953,0.423355,0.434855,0.401032
296,0.399633,0.396318,0.391052,0.399893,0.401106,0.392398,0.382427,0.365153,0.394415,0.391740,0.384261,0.378773,0.394132,0.402529,0.368254
297,0.399103,0.392550,0.401817,0.400712,0.403972,0.388473,0.401632,0.386236,0.400669,0.397710,0.399317,0.401652,0.398942,0.403890,0.374881
298,0.421037,0.408876,0.412444,0.419427,0.419285,0.409832,0.411980,0.387205,0.417362,0.406518,0.406209,0.404786,0.415394,0.422510,0.392175
299,0.415600,0.399505,0.417719,0.409919,0.419549,0.399266,0.405465,0.385496,0.415533,0.413405,0.416298,0.398363,0.418765,0.432025,0.396220
312,0.406428,0.406645,0.401976,0.419393,0.410190,0.387401,0.412452,0.378901,0.414456,0.403677,0.400368,0.393389,0.399183,0.411874,0.381100
313,0.407818,0.423254,0.410950,0.421512,0.411382,0.407190,0.414803,0.379953,0.412535,0.399125,0.409921,0.395837,0.413912,0.416296,0.388913
314,0.406122,0.399000,0.411562,0.412159,0.418896,0.397753,0.415173,0.389328,0.410520,0.406006,0.410612,0.397125,0.404456,0.419852,0.381135
315,0.423758,0.434109,0.427812,0.442670,0.438733,0.424994,0.427707,0.406693,0.434953,0.429200,0.428838,0.413193,0.431990,0.446079,0.401272
304,0.408289,0.416865,0.422534,0.423703,0.422388,0.398674,0.418971,0.402453,0.415825,0.416352,0.412927,0.399589,0.416812,0.422457,0.397039
305,0.403910,0.397559,0.399913,0.414536,0.413548,0.394295,0.402141,0.382314,0.402911,0.394273,0.409535,0.399888,0.408114,0.413157,0.383363
306,0.418099,0.409298,0.410107,0.423937,0.410972,0.402861,0.410230,0.371781,0.420867,0.399487,0.414909,0.392460,0.415531,0.421500,0.405329
307,0.406012,0.400913,0.415387,0.402166,0.417534,0.396721,0.410763,0.393596,0.408195,0.401937,0.412565,0.391756,0.402173,0.416991,0.382544
308,0.404001,0.405500,0.398485,0.420933,0.419001,0.401278,0.408491,0.377590,0.402283,0.402294,0.406489,0.384336,0.410406,0.410381,0.381542
309,0.393775,0.379861,0.387570,0.392911,0.387639,0.378474,0.398040,0.352219,0.383794,0.385717,0.395464,0.379660,0.390062,0.388456,0.375779
310,0.404244,0.392285,0.400367,0.405491,0.405062,0.379078,0.394467,0.377165,0.396668,0.389279,0.394661,0.388369,0.392097,0.405641,0.384565
311,0.383872,0.373596,0.379522,0.394513,0.382575,0.385917,0.387162,0.355814,0.380171,0.387224,0.386589,0.361674,0.393199,0.401881,0.374666
316,0.390943,0.385199,0.381176,0.379755,0.389026,0.362682,0.374131,0.366401,0.381608,0.381317,0.396822,0.361296,0.395160,0.399963,0.361414
317,0.405789,0.407699,0.411209,0.417068,0.426361,0.391059,0.406986,0.385794,0.400835,0.414221,0.423138,0.394627,0.412401,0.409485,0.387003
318,0.389483,0.378008,0.387821,0.402468,0.404246,0.372803,0.382876,0.369366,0.395618,0.387546,0.401850,0.376323,0.393155,0.400124,0.357378
319,0.412177,0.414429,0.419251,0.420336,0.420204,0.394471,0.414650,0.403681,0.402086,0.407141,0.422003,0.409421,0.411642,0.426490,0.387909
324,0.398214,0.387457,0.401059,0.403628,0.407450,0.378222,0.398157,0.374481,0.393254,0.392368,0.406618,0.377750,0.397995,0.409443,0.378240
325,0.409088,0.409054,0.399649,0.414269,0.418213,0.386871,0.406149,0.390161,0.395638,0.400047,0.397827,0.388522,0.399210,0.409025,0.380949
326,0.423591,0.413088,0.425201,0.423307,0.427876,0.416887,0.436505,0.404524,0.430244,0.422252,0.427401,0.419147,0.426914,0.437223,0.405106
327,0.384216,0.396526,0.391025,0.396970,0.410901,0.382883,0.381248,0.374446,0.400462,0.381626,0.399382,0.370875,0.401314,0.403133,0.365020
320,0.412459,0.406850,0.418352,0.431599,0.424250,0.411779,0.425250,0.385266,0.407874,0.416037,0.420667,0.396154,0.414540,0.424421,0.397588
321,0.416094,0.417604,0.412669,0.417506,0.420555,0.409830,0.409057,0.398229,0.416213,0.418776,0.414286,0.406075,0.418063,0.425771,0.401596
322,0.408573,0.413498,0.410263,0.411931,0.419650,0.419650,0.413543,0.392393,0.422111,0.417217,0.415112,0.398657,0.423496,0.420432,0.406709
323,0.410341,0.403108,0.413910,0.421009,0.422579,0.412096,0.417171,0.392922,0.401090,0.405130,0.413234,0.392872,0.428559,0.420019,0.397815
328,0.380142,0.388962,0.384321,0.396119,0.390820,0.386417,0.389400,0.363240,0.394415,0.381747,0.388095,0.367790,0.384592,0.395532,0.363096
329,0.400448,0.400294,0.399853,0.404927,0.404571,0.399121,0.400118,0.386924,0.399434,0.390055,0.405014,0.382902,0.396934,0.401263,0.385883
330,0.397616,0.405424,0.394844,0.416160,0.401552,0.381548,0.410934,0.367744,0.406727,0.392367,0.408041,0.382261,0.404758,0.408262,0.395365
331,0.396840,0.410124,0.397300,0.410918,0.409082,0.377048,0.414202,0.382341,0.399751,0.398935,0.410278,0.385974,0.398878,0.398986,0.376153
332,0.419759,0.422505,0.411825,0.415373,0.426426,0.397297,0.415985,0.384225,0.405577,0.414019,0.418174,0.398309,0.398681,0.432635,0.396965
333,0.419920,0.398007,0.408576,0.417544,0.425086,0.417116,0.414053,0.380184,0.410609,0.407564,0.411417,0.397577,0.411696,0.425129,0.403556
334,0.397402,0.383971,0.405845,0.411348,0.414772,0.387392,0.402817,0.385797,0.400720,0.405911,0.408269,0.392297,0.415799,0.407963,0.380312
335,0.394377,0.379575,0.385514,0.397999,0.397236,0.392322,0.389014,0.375781,0.389373,0.394557,0.402514,0.371089,0.399107,0.403453,0.379830
336,0.417862,0.422607,0.419507,0.424353,0.424558,0.415179,0.419177,0.401087,0.420495,0.411445,0.402393,0.405886,0.411426,0.429039,0.403243
337,0.434463,0.429074,0.425340,0.427568,0.430530,0.411188,0.421082,0.395917,0.419170,0.421858,0.434321,0.403790,0.431123,0.429384,0.400145
338,0.402557,0.394777,0.401338,0.400316,0.414399,0.379040,0.390138,0.374910,0.393819,0.388691,0.391684,0.392380,0.395761,0.406043,0.382116
339,0.423554,0.422092,0.415217,0.422268,0.407211,0.405207,0.416921,0.391995,0.405584,0.392959,0.410648,0.390978,0.412771,0.412728,0.398578
340,0.420922,0.402351,0.420433,0.411822,0.430019,0.408109,0.405634,0.398804,0.406581,0.406944,0.415420,0.397487,0.411551,0.424152,0.401636
341,0.421148,0.403085,0.419374,0.413848,0.422641,0.401678,0.420329,0.392904,0.411690,0.414922,0.416364,0.401686,0.408708,0.420401,0.407912
342,0.422784,0.434910,0.419994,0.433647,0.430878,0.407762,0.438325,0.400018,0.424610,0.420369,0.419302,0.420250,0.420414,0.424003,0.417192
343,0.386396,0.368547,0.377803,0.382188,0.393263,0.383074,0.381740,0.364234,0.386267,0.386549,0.393499,0.359013,0.383151,0.391658,0.367742
344,0.390683,0.384371,0.378648,0.393416,0.387402,0.361791,0.388112,0.364779,0.385610,0.379785,0.392890,0.373548,0.386061,0.392511,0.361662
345,0.395291,0.392347,0.392589,0.399446,0.395448,0.391754,0.397373,0.366282,0.400016,0.384148,0.402084,0.378919,0.396590,0.404563,0.375031
346,0.409435,0.412506,0.416333,0.412467,0.420932,0.413108,0.409234,0.391224,0.418597,0.409499,0.410859,0.395090,0.421420,0.426911,0.400003
347,0.372138,0.377222,0.381443,0.407091,0.391882,0.372521,0.391450,0.363504,0.387382,0.374828,0.385475,0.367046,0.392628,0.393948,0.366446
348,0.391736,0.377106,0.396030,0.385166,0.388009,0.374842,0.387595,0.372584,0.389541,0.385533,0.388843,0.372061,0.382325,0.400377,0.360196
349,0.393714,0.404446,0.401616,0.406844,0.408113,0.403732,0.400442,0.387655,0.399224,0.400184,0.394377,0.377714,0.404820,0.410127,0.386821
350,0.401513,0.393944,0.399635,0.406734,0.410777,0.392707,0.410519,0.379362,0.393658,0.397152,0.407539,0.385098,0.400988,0.417730,0.373083
351,0.420234,0.419323,0.419492,0.428343,0.430948,0.410700,0.423766,0.397155,0.419916,0.412397,0.419307,0.401504,0.414025,0.426575,0.400163
352,0.411745,0.414303,0.410826,0.414618,0.409395,0.391962,0.400278,0.373471,0.409314,0.388312,0.405770,0.385797,0.405539,0.411932,0.378625
353,0.386103,0.384786,0.384890,0.406370,0.390314,0.379783,0.384736,0.372667,0.397886,0.395035,0.388799,0.374263,0.384010,0.397983,0.374133
354,0.395329,0.395412,0.388768,0.397343,0.402348,0.382473,0.406851,0.377434,0.400895,0.387161,0.389107,0.378505,0.395054,0.392861,0.368064
355,0.415818,0.409486,0.396528,0.406728,0.406974,0.399110,0.396736,0.379931,0.411210,0.398050,0.403818,0.384059,0.398405,0.409745,0.383958
356,0.406899,0.404215,0.402533,0.407152,0.415450,0.387433,0.405177,0.391691,0.406706,0.405019,0.414436,0.392420,0.414419,0.411518,0.386096
357,0.408676,0.396530,0.406238,0.405494,0.417666,0.407910,0.402653,0.382483,0.412707,0.408443,0.412135,0.390656,0.412431,0.415688,0.388597
358,0.417866,0.397785,0.423205,0.410609,0.425846,0.406694,0.407056,0.389569,0.413132,0.421342,0.416637,0.386918,0.413127,0.423006,0.394272
359,0.410289,0.410718,0.420577,0.413022,0.413313,0.414480,0.401941,0.389987,0.413861,0.405062,0.415467,0.397013,0.417683,0.415081,0.390342
360,0.408837,0.405435,0.402185,0.411621,0.409663,0.396253,0.409555,0.384180,0.400683,0.388673,0.404056,0.388071,0.394180,0.405544,0.391130
361,0.405234,0.399746,0.416275,0.413368,0.425605,0.394643,0.404237,0.388562,0.412591,0.412377,0.423706,0.397298,0.403398,0.418138,0.382662
362,0.404473,0.406900,0.406209,0.424968,0.418302,0.389321,0.399505,0.392386,0.410380,0.399538,0.392670,0.380553,0.411883,0.415402,0.378028
363,0.386441,0.383899,0.380049,0.399382,0.390364,0.379873,0.384434,0.362869,0.385084,0.372894,0.385046,0.371428,0.387804,0.386402,0.379933
364,0.380594,0.381203,0.376096,0.392763,0.385307,0.365109,0.382679,0.358705,0.372438,0.376886,0.372702,0.359675,0.383147,0.387837,0.339593
365,0.392622,0.389064,0.394772,0.397988,0.403944,0.379554,0.391744,0.368113,0.386678,0.389619,0.388054,0.375135,0.384467,0.396606,0.358131
366,0.400971,0.387217,0.395380,0.402693,0.409648,0.371452,0.390776,0.389185,0.379558,0.383845,0.400726,0.373352,0.396349,0.406842,0.381569
367,0.406884,0.404738,0.410302,0.413184,0.416804,0.388984,0.416275,0.381454,0.407016,0.402352,0.407982,0.394079,0.413299,0.416530,0.383282
368,0.398602,0.409090,0.410213,0.432209,0.414644,0.387223,0.404638,0.379931,0.401390,0.410088,0.409661,0.381877,0.414494,0.413683,0.384441
369,0.399108,0.388739,0.384922,0.391617,0.394684,0.377239,0.396647,0.365670,0.396098,0.376839,0.400079,0.373424,0.401633,0.396698,0.380241
370,0.401452,0.416488,0.401881,0.414165,0.408927,0.380703,0.408351,0.392501,0.408474,0.393023,0.410935,0.393699,0.411374,0.412125,0.392884
371,0.393848,0.393297,0.394246,0.414141,0.412397,0.383426,0.393153,0.381320,0.401212,0.392753,0.391874,0.385859,0.401443,0.410434,0.371219
372,0.396622,0.391032,0.379491,0.405413,0.394723,0.387377,0.391413,0.373357,0.389447,0.380956,0.388464,0.376260,0.393023,0.405664,0.366385
373,0.421326,0.412485,0.426728,0.435863,0.437905,0.421023,0.417047,0.414025,0.426953,0.417676,0.429888,0.397423,0.429393,0.437211,0.398434
374,0.398131,0.389441,0.402765,0.393536,0.401287,0.394488,0.393525,0.363504,0.399030,0.389307,0.397781,0.381691,0.397463,0.401987,0.382681
375,0.400653,0.415314,0.412675,0.408535,0.422129,0.405649,0.410198,0.389424,0.400835,0.407067,0.410560,0.387023,0.407214,0.422244,0.391204
376,0.399054,0.388134,0.394296,0.403922,0.404777,0.392596,0.400879,0.369668,0.403130,0.404990,0.402130,0.390938,0.396191,0.398592,0.374356
377,0.396689,0.385688,0.397137,0.400982,0.405944,0.379772,0.403031,0.371876,0.392526,0.389712,0.402522,0.382384,0.405208,0.402468,0.388131
378,0.406790,0.395678,0.405539,0.410141,0.410527,0.390722,0.408273,0.382906,0.411126,0.400868,0.403797,0.388382,0.417495,0.411778,0.388312
379,0.394083,0.394505,0.386778,0.398195,0.393831,0.388233,0.397298,0.367402,0.382681,0.387893,0.389932,0.379338,0.394652,0.397282,0.372877
380,0.396589,0.391506,0.393500,0.405920,0.414673,0.377558,0.402662,0.377174,0.390649,0.390261,0.400489,0.386230,0.396367,0.404017,0.376992
381,0.409229,0.404915,0.411206,0.418723,0.427688,0.399174,0.409092,0.393286,0.408731,0.407493,0.404055,0.405928,0.403446,0.423810,0.394905
382,0.407579,0.406733,0.404207,0.411613,0.421767,0.401691,0.407588,0.388572,0.419632,0.416168,0.416430,0.395246,0.419923,0.426050,0.385102
383,0.400527,0.396124,0.403812,0.410694,0.411213,0.387042,0.398343,0.375998,0.398056,0.400578,0.392639,0.391877,0.412833,0.403050,0.379575
388,0.414417,0.405644,0.415176,0.409516,0.428878,0.405179,0.408946,0.401775,0.421684,0.414848,0.421805,0.400306,0.414128,0.422635,0.395117
389,0.403918,0.404922,0.402048,0.419172,0.414449,0.391522,0.399396,0.380073,0.402092,0.397936,0.399848,0.395519,0.405583,0.404773,0.378504
390,0.399443,0.398752,0.382707,0.404734,0.397027,0.379469,0.392551,0.356900,0.382480,0.390099,0.381928,0.379055,0.394180,0.406030,0.370924
391,0.407388,0.410930,0.403121,0.427612,0.417912,0.399570,0.416265,0.382380,0.408953,0.396610,0.400392,0.387381,0.413063,0.410725,0.381589
384,0.385844,0.371765,0.370793,0.388220,0.381181,0.368388,0.377316,0.340054,0.372303,0.382056,0.381222,0.370439,0.389771,0.385066,0.365543
385,0.426069,0.421614,0.428529,0.412849,0.427986,0.411306,0.424553,0.407430,0.422617,0.420537,0.425196,0.410067,0.437094,0.429129,0.407669
386,0.420108,0.410636,0.425195,0.423794,0.424259,0.402416,0.427421,0.382599,0.414882,0.420558,0.412138,0.398234,0.424391,0.424460,0.394032
387,0.439976,0.432708,0.438970,0.439277,0.442210,0.433690,0.435363,0.427287,0.431326,0.431849,0.445531,0.418284,0.445793,0.443706,0.413998
392,0.397971,0.402781,0.408301,0.407806,0.402275,0.394931,0.405409,0.388786,0.395131,0.401324,0.404570,0.389245,0.405726,0.403579,0.377459
393,0.425539,0.412169,0.415498,0.417262,0.424093,0.415172,0.414845,0.390822,0.409972,0.417227,0.416507,0.397448,0.433252,0.431677,0.406096
394,0.419553,0.414990,0.421085,0.425624,0.427195,0.420847,0.424448,0.405081,0.430292,0.419172,0.432740,0.412842,0.428975,0.440623,0.416932
395,0.392192,0.382410,0.397133,0.389918,0.402230,0.384992,0.394581,0.374694,0.385323,0.387552,0.400720,0.377442,0.389605,0.402451,0.376010
396,0.419664,0.420324,0.420109,0.422077,0.432918,0.409813,0.419496,0.383342,0.427998,0.419983,0.421132,0.403662,0.433406,0.431523,0.408476
397,0.389752,0.382128,0.393828,0.388997,0.402901,0.367258,0.386809,0.365516,0.378331,0.389700,0.387734,0.373320,0.391895,0.400024,0.367862
398,0.417593,0.416685,0.421767,0.428534,0.427130,0.401874,0.407833,0.403475,0.419007,0.417674,0.419028,0.398923,0.419328,0.430599,0.386784
399,0.407208,0.394998,0.406295,0.397632,0.416852,0.391410,0.391688,0.376007,0.393360,0.410800,0.401213,0.385563,0.407098,0.415545,0.378744
404,0.394988,0.397886,0.393497,0.393619,0.397751,0.381805,0.404449,0.365724,0.389682,0.405080,0.403038,0.382476,0.391702,0.400798,0.379501
405,0.385396,0.378786,0.379442,0.396631,0.389151,0.374967,0.394790,0.386700,0.392331,0.390330,0.390021,0.379752,0.392107,0.400269,0.372532
406,0.392321,0.386809,0.392892,0.387091,0.395255,0.378090,0.391719,0.367700,0.389782,0.387992,0.386176,0.369843,0.390869,0.394598,0.366417
407,0.418397,0.405771,0.404777,0.417545,0.417080,0.399504,0.419086,0.389883,0.411114,0.407724,0.421712,0.400386,0.408482,0.425883,0.389147
400,0.407228,0.391656,0.407710,0.414802,0.414538,0.389981,0.397217,0.384361,0.404704,0.404763,0.417438,0.387011,0.407114,0.416980,0.372507
401,0.394494,0.385834,0.387939,0.398696,0.395477,0.387781,0.396099,0.371793,0.391979,0.393760,0.402020,0.382507,0.398974,0.406292,0.375264
402,0.394478,0.396327,0.392655,0.410131,0.405798,0.378065,0.399612,0.378979,0.409861,0.392794,0.393033,0.384785,0.399994,0.398978,0.375072
403,0.415325,0.425826,0.421603,0.435652,0.421165,0.411089,0.417075,0.402713,0.424273,0.421102,0.425511,0.403586,0.422370,0.430116,0.394075
408,0.403787,0.396174,0.400926,0.405384,0.414113,0.379235,0.407271,0.374966,0.394184,0.394953,0.412355,0.376967,0.404858,0.410420,0.383338
409,0.402259,0.409449,0.409706,0.403042,0.409242,0.397718,0.401032,0.383932,0.400444,0.395382,0.402071,0.386464,0.397442,0.401954,0.391814
410,0.390729,0.403727,0.400704,0.404560,0.408083,0.386140,0.394177,0.372638,0.392071,0.386975,0.397192,0.383895,0.390837,0.399502,0.387228
411,0.399415,0.400796,0.398950,0.405671,0.415744,0.386525,0.402070,0.374252,0.400411,0.401298,0.409531,0.396587,0.412511,0.423865,0.402920
412,0.394304,0.405759,0.402980,0.415741,0.403419,0.387767,0.405483,0.381108,0.400938,0.396625,0.398866,0.388015,0.394834,0.402775,0.388996
413,0.402306,0.393965,0.399166,0.410064,0.414500,0.392500,0.401391,0.381128,0.407783,0.398771,0.401721,0.382046,0.407831,0.405226,0.365418
414,0.413270,0.413137,0.409319,0.424600,0.415001,0.408133,0.411239,0.388992,0.420285,0.415754,0.409008,0.389164,0.420468,0.421949,0.391565
415,0.396782,0.403646,0.400705,0.405400,0.405830,0.391152,0.397099,0.374676,0.395316,0.397420,0.405692,0.388506,0.404083,0.414971,0.384751
416,0.395957,0.406564,0.398027,0.408365,0.397681,0.395952,0.400913,0.377763,0.394189,0.386334,0.403527,0.376368,0.398217,0.400926,0.381697
417,0.404446,0.405566,0.412487,0.401342,0.409580,0.392158,0.401598,0.388568,0.402998,0.395847,0.400997,0.389224,0.403385,0.410821,0.381875
418,0.408316,0.395449,0.416202,0.421250,0.416858,0.408527,0.411766,0.392855,0.408632,0.406692,0.413139,0.392448,0.432163,0.428054,0.391223
419,0.414478,0.406196,0.407701,0.404572,0.414663,0.387765,0.397450,0.386644,0.403873,0.399506,0.403237,0.390940,0.405934,0.404357,0.381827
420,0.394713,0.376457,0.391259,0.391738,0.397333,0.385848,0.394594,0.366201,0.381763,0.386768,0.394312,0.374634,0.382441,0.401805,0.375542
421,0.404954,0.397801,0.406630,0.407305,0.415466,0.384221,0.397873,0.376349,0.400716,0.403711,0.407578,0.380119,0.399863,0.404486,0.388040
422,0.419822,0.418762,0.416425,0.414600,0.423904,0.399900,0.420651,0.398664,0.418572,0.402298,0.414483,0.414986,0.414758,0.419498,0.401020
423,0.403988,0.393565,0.416242,0.420548,0.425028,0.396739,0.417579,0.385050,0.412035,0.405749,0.408040,0.393520,0.402135,0.413957,0.376759
424,0.405469,0.419423,0.406587,0.425020,0.415848,0.402870,0.407848,0.387491,0.426521,0.397695,0.405761,0.400962,0.414781,0.417104,0.385306
425,0.384958,0.379408,0.378983,0.395519,0.388847,0.372593,0.391571,0.363576,0.382048,0.377153,0.397103,0.373957,0.390880,0.399048,0.371937
426,0.411406,0.425882,0.425177,0.429424,0.426477,0.417180,0.419679,0.397578,0.408122,0.412062,0.412147,0.413601,0.421759,0.428350,0.403958
427,0.403258,0.380519,0.396977,0.390996,0.404049,0.382984,0.394609,0.382980,0.380168,0.390972,0.406793,0.375843,0.401293,0.404816,0.377412
436,0.409841,0.408542,0.403824,0.430508,0.415730,0.410992,0.415310,0.394537,0.415028,0.404239,0.402247,0.395081,0.413176,0.420953,0.401678
437,0.387404,0.384924,0.385482,0.406537,0.400798,0.380293,0.393251,0.365243,0.375867,0.381023,0.386625,0.366570,0.391204,0.395818,0.374318
438,0.396796,0.410786,0.398039,0.403300,0.409891,0.397513,0.388725,0.375432,0.401466,0.384760,0.383697,0.376864,0.405909,0.403881,0.375322
439,0.410124,0.411407,0.411313,0.423007,0.410828,0.397254,0.417708,0.390124,0.424141,0.411951,0.415594,0.404701,0.424493,0.426139,0.390757
432,0.418385,0.399271,0.417527,0.417583,0.429348,0.397930,0.422272,0.399006,0.402360,0.414606,0.416365,0.407070,0.407007,0.427170,0.402229
433,0.424425,0.414347,0.414482,0.414999,0.416702,0.406991,0.414565,0.391076,0.415312,0.408683,0.415633,0.392112,0.415409,0.434388,0.390057
434,0.379238,0.372942,0.381402,0.378384,0.383336,0.366606,0.359709,0.355865,0.373934,0.372778,0.377028,0.360815,0.370424,0.377174,0.343135
435,0.404341,0.408811,0.402048,0.412875,0.404209,0.399088,0.403903,0.380025,0.409820,0.390995,0.392637,0.389454,0.394575,0.407250,0.388253
428,0.405102,0.401245,0.406244,0.399441,0.403477,0.398784,0.393723,0.375575,0.399998,0.393184,0.405041,0.382352,0.416093,0.407693,0.389081
429,0.418895,0.407223,0.413296,0.412384,0.415245,0.397233,0.408805,0.384401,0.413429,0.406445,0.414849,0.388452,0.409966,0.421833,0.390631
430,0.412580,0.399436,0.410025,0.417667,0.406819,0.401084,0.407653,0.380402,0.405041,0.403229,0.413638,0.381842,0.408141,0.411171,0.395974
431,0.398969,0.383861,0.399798,0.403253,0.398127,0.392813,0.401782,0.377275,0.406695,0.399916,0.391099,0.385738,0.407000,0.411273,0.382029
440,0.402580,0.402439,0.411579,0.421061,0.424484,0.401112,0.415147,0.388506,0.407338,0.409801,0.416773,0.401351,0.405160,0.423027,0.389109
441,0.418920,0.411360,0.414450,0.429528,0.418348,0.408198,0.421804,0.392499,0.417529,0.425213,0.417449,0.401811,0.424789,0.423820,0.395857
442,0.411390,0.400009,0.420777,0.420926,0.418054,0.408847,0.407175,0.394084,0.411247,0.422354,0.424477,0.393431,0.416645,0.428079,0.403110
443,0.402866,0.397279,0.393695,0.404696,0.400222,0.387886,0.400028,0.380502,0.391361,0.390787,0.408736,0.386322,0.396937,0.407089,0.385966
444,0.390602,0.370321,0.391235,0.388009,0.391785,0.375314,0.382190,0.355827,0.387215,0.389718,0.388619,0.367037,0.397779,0.403894,0.361394
445,0.392646,0.391375,0.385616,0.403328,0.392840,0.377579,0.395901,0.359867,0.390409,0.388438,0.392707,0.379207,0.392921,0.398682,0.363481
446,0.404260,0.402589,0.403062,0.412099,0.413755,0.393133,0.406816,0.393074,0.401214,0.399886,0.406511,0.386694,0.397925,0.409991,0.382914
447,0.401366,0.405480,0.414264,0.426100,0.413562,0.400358,0.405219,0.389630,0.416940,0.394976,0.416683,0.394315,0.405740,0.425411,0.383426
452,0.410256,0.403668,0.422623,0.406437,0.415460,0.409591,0.407046,0.398218,0.415148,0.404586,0.412995,0.388977,0.415857,0.419765,0.393311
453,0.390868,0.400599,0.406852,0.408384,0.396070,0.384135,0.396266,0.369852,0.406832,0.392112,0.406522,0.377884,0.401504,0.405536,0.377348
454,0.410781,0.407125,0.407995,0.411738,0.411077,0.405661,0.410505,0.394578,0.407991,0.403381,0.408753,0.391678,0.408872,0.419367,0.390756
455,0.406816,0.396858,0.404318,0.413230,0.411464,0.396607,0.410515,0.371549,0.398162,0.404945,0.404338,0.390385,0.401657,0.414340,0.384108
448,0.408637,0.408637,0.413408,0.412440,0.426289,0.414503,0.412435,0.398576,0.414076,0.409861,0.424967,0.396872,0.413418,0.425094,0.399197
449,0.407029,0.415076,0.405930,0.412190,0.416730,0.406248,0.399941,0.384946,0.405225,0.394550,0.391004,0.393483,0.406279,0.412307,0.384093
450,0.397452,0.399788,0.408961,0.420903,0.420016,0.387504,0.416401,0.385617,0.405967,0.386812,0.416285,0.394920,0.399618,0.421547,0.391432
451,0.377716,0.380486,0.382363,0.383784,0.386393,0.367534,0.372095,0.364417,0.376805,0.375692,0.382200,0.356597,0.389187,0.393428,0.352199
456,0.407596,0.410094,0.407578,0.406224,0.423404,0.405059,0.399391,0.378517,0.410161,0.400179,0.395989,0.390528,0.414977,0.415747,0.383866
457,0.406257,0.411336,0.419252,0.418886,0.420959,0.400712,0.404824,0.395175,0.420894,0.420259,0.418447,0.403551,0.411491,0.425325,0.392140
458,0.417030,0.424934,0.416096,0.423993,0.420154,0.403638,0.418263,0.397407,0.419972,0.415616,0.419437,0.400771,0.419004,0.430697,0.401172
459,0.415959,0.402085,0.420558,0.419915,0.432322,0.408736,0.419412,0.403850,0.412776,0.412904,0.423728,0.401826,0.426045,0.421868,0.402992
460,0.394367,0.404511,0.394515,0.399526,0.408616,0.388679,0.402826,0.376370,0.393829,0.387660,0.394698,0.382272,0.390882,0.403082,0.392783
461,0.409268,0.419311,0.409508,0.416943,0.416243,0.403311,0.415427,0.389480,0.411020,0.395406,0.409732,0.393848,0.412445,0.412248,0.394854
462,0.394351,0.379672,0.387671,0.383056,0.404499,0.373909,0.388182,0.371278,0.381893,0.387432,0.399679,0.379876,0.389111,0.403672,0.374661
463,0.386535,0.392670,0.397452,0.401577,0.394273,0.376762,0.384258,0.369589,0.392449,0.392314,0.383484,0.370338,0.395828,0.395567,0.360194
464,0.411873,0.406857,0.410986,0.405989,0.417024,0.394646,0.412087,0.385414,0.406768,0.413474,0.404508,0.402892,0.409471,0.412890,0.383662
465,0.401426,0.399737,0.399515,0.410970,0.408890,0.388087,0.405897,0.384133,0.400859,0.401069,0.403146,0.385278,0.405076,0.408929,0.391306
466,0.423433,0.412169,0.413215,0.417833,0.419417,0.415036,0.418363,0.385137,0.410631,0.413559,0.422698,0.400030,0.410905,0.419235,0.393258
467,0.392910,0.377709,0.391539,0.402947,0.393245,0.385996,0.394880,0.361785,0.394227,0.388838,0.384838,0.376844,0.389918,0.398486,0.361826
468,0.425732,0.424162,0.430062,0.429405,0.433965,0.418458,0.437220,0.407682,0.431144,0.419997,0.434977,0.409919,0.434736,0.431614,0.415143
469,0.401953,0.403379,0.414996,0.399732,0.418080,0.395802,0.411197,0.386155,0.407407,0.412790,0.426694,0.403332,0.416567,0.421482,0.395217
470,0.393665,0.384429,0.389757,0.404923,0.395751,0.401829,0.383609,0.378197,0.402659,0.392843,0.390718,0.378607,0.390859,0.394422,0.370427
471,0.426245,0.411048,0.414481,0.428258,0.426567,0.425482,0.414493,0.399563,0.417751,0.416405,0.417516,0.407023,0.422733,0.416950,0.402427
476,0.416584,0.407418,0.414902,0.426419,0.416584,0.401968,0.423841,0.398406,0.409716,0.402233,0.412834,0.401593,0.411263,0.414295,0.401960
477,0.406109,0.407900,0.407815,0.405756,0.407831,0.399479,0.413640,0.378234,0.399621,0.401107,0.404478,0.392814,0.406913,0.405479,0.392506
478,0.408734,0.395307,0.411820,0.402010,0.410648,0.388088,0.408329,0.376097,0.405790,0.403553,0.413261,0.401073,0.411660,0.420084,0.387873
479,0.436101,0.434056,0.433434,0.433413,0.439581,0.419514,0.435799,0.410294,0.424072,0.412391,0.427003,0.416989,0.440688,0.440080,0.413997
472,0.418650,0.414909,0.412912,0.418421,0.419357,0.410460,0.404656,0.390834,0.409887,0.400488,0.416356,0.394760,0.414728,0.416679,0.389200
473,0.396163,0.395643,0.395521,0.403893,0.403389,0.383134,0.401477,0.376171,0.394644,0.386794,0.402165,0.384144,0.397619,0.401966,0.386054
474,0.387871,0.380892,0.389893,0.389801,0.401213,0.377633,0.384749,0.363186,0.393362,0.381053,0.395170,0.379742,0.392705,0.402946,0.381551
475,0.411496,0.404661,0.417480,0.410152,0.423676,0.397863,0.409800,0.400548,0.408954,0.398107,0.426383,0.392703,0.413738,0.420535,0.385782
484,0.390478,0.400611,0.406699,0.420435,0.409339,0.396866,0.417918,0.383847,0.406132,0.400178,0.411488,0.398414,0.409951,0.411310,0.382765
485,0.402563,0.401250,0.410590,0.406217,0.414558,0.399424,0.405295,0.390569,0.409490,0.402323,0.407495,0.388891,0.416903,0.411534,0.384731
486,0.399003,0.404412,0.398630,0.402173,0.407681,0.392310,0.401709,0.377387,0.408755,0.396221,0.404236,0.385170,0.407770,0.410180,0.372054
487,0.414403,0.413751,0.410503,0.419701,0.421242,0.402960,0.411965,0.386115,0.416018,0.410045,0.419100,0.395432,0.423573,0.420643,0.397260
480,0.392281,0.391133,0.394268,0.393299,0.399218,0.374209,0.388346,0.375231,0.395559,0.381864,0.395870,0.372144,0.396747,0.404129,0.375685
481,0.415838,0.401875,0.411520,0.420801,0.424481,0.404789,0.415529,0.382799,0.408022,0.413638,0.402673,0.390491,0.414051,0.414892,0.395227
482,0.417666,0.413243,0.405958,0.416460,0.429169,0.399483,0.413065,0.394309,0.419895,0.410234,0.417338,0.404805,0.421820,0.426838,0.406941
483,0.416223,0.411629,0.422038,0.416717,0.421170,0.404429,0.424162,0.386189,0.411256,0.404706,0.408699,0.401609,0.414826,0.422100,0.399212
488,0.406701,0.408917,0.403985,0.417481,0.426940,0.397875,0.429671,0.389635,0.413907,0.405394,0.406881,0.397284,0.418975,0.433070,0.400589
489,0.409594,0.400046,0.413298,0.413941,0.412306,0.398104,0.409816,0.392167,0.412229,0.410650,0.403686,0.398425,0.405493,0.422866,0.381747
490,0.405179,0.398419,0.414734,0.414620,0.405386,0.409624,0.408480,0.388071,0.407182,0.406958,0.405503,0.379697,0.418781,0.416047,0.381331
491,0.440074,0.423075,0.427350,0.433136,0.432271,0.429219,0.438271,0.404285,0.426058,0.427322,0.438988,0.420857,0.440131,0.438632,0.409433
496,0.413085,0.402346,0.423904,0.429489,0.416492,0.412909,0.421608,0.405891,0.417449,0.417943,0.420362,0.403409,0.415829,0.424447,0.398783
497,0.404872,0.396152,0.392239,0.406828,0.393507,0.386716,0.406797,0.366203,0.402576,0.395699,0.387005,0.373115,0.398126,0.405832,0.387068
498,0.439854,0.425314,0.435755,0.435588,0.444590,0.425074,0.426045,0.413346,0.430466,0.430375,0.436545,0.413475,0.433146,0.450148,0.421405
499,0.406866,0.405426,0.399160,0.404215,0.403079,0.378111,0.400365,0.386458,0.407251,0.395813,0.395286,0.377020,0.388745,0.405987,0.375727
492,0.405114,0.400743,0.402724,0.411203,0.423588,0.403296,0.409035,0.387735,0.411407,0.410415,0.413855,0.391267,0.420508,0.415358,0.398191
493,0.396467,0.379266,0.400009,0.395015,0.409743,0.386899,0.405649,0.379216,0.402740,0.401729,0.407580,0.385806,0.402429,0.411214,0.376224
494,0.408165,0.413834,0.420116,0.417347,0.425182,0.410063,0.408170,0.392976,0.421290,0.412579,0.411340,0.397088,0.413916,0.418377,0.392087
495,0.405335,0.407542,0.414732,0.421428,0.426582,0.405487,0.419601,0.393321,0.411864,0.423483,0.419046,0.403540,0.419980,0.422008,0.391085
500,0.382393,0.396118,0.394544,0.394805,0.405122,0.378844,0.391015,0.370359,0.396289,0.394298,0.392872,0.375336,0.404921,0.402306,0.370538
501,0.410592,0.409042,0.416229,0.415163,0.413216,0.406240,0.414776,0.380051,0.409748,0.412933,0.408441,0.393053,0.427356,0.414263,0.394943
502,0.411334,0.399950,0.406895,0.422703,0.413280,0.387173,0.423081,0.388582,0.409092,0.409908,0.407393,0.394780,0.410985,0.417298,0.402117
503,0.407735,0.413081,0.405378,0.424806,0.412760,0.413488,0.412847,0.383971,0.410117,0.407595,0.416891,0.387187,0.413376,0.423728,0.395426
504,0.400711,0.392020,0.394097,0.412626,0.395747,0.396130,0.394520,0.369813,0.403239,0.400956,0.395519,0.387715,0.395794,0.394119,0.372861
505,0.386173,0.391276,0.383104,0.388172,0.394883,0.377648,0.374416,0.373798,0.382113,0.393668,0.387183,0.359784,0.378899,0.389818,0.364350
506,0.417800,0.414252,0.405356,0.422598,0.418411,0.404584,0.414322,0.390536,0.411454,0.404027,0.414974,0.398215,0.424059,0.427596,0.387425
507,0.413523,0.415248,0.425620,0.424005,0.424984,0.424537,0.421036,0.400764,0.426901,0.423242,0.423154,0.401547,0.423261,0.426995,0.411659
508,0.410498,0.404581,0.433271,0.425437,0.431617,0.416095,0.427620,0.398498,0.415100,0.426273,0.424019,0.397779,0.414127,0.432261,0.391847
509,0.388559,0.382687,0.401026,0.384695,0.405968,0.370237,0.381523,0.366733,0.379264,0.392643,0.398095,0.379097,0.395955,0.403021,0.370041
510,0.389708,0.394909,0.390261,0.390836,0.394088,0.383083,0.389551,0.373731,0.388516,0.385390,0.394023,0.377036,0.393308,0.393657,0.374521
511,0.391785,0.382446,0.395726,0.396804,0.397811,0.371748,0.395024,0.372732,0.379063,0.382480,0.398275,0.379601,0.393060,0.395325,0.385808
512,0.413190,0.414222,0.407935,0.416021,0.413452,0.410782,0.420850,0.382984,0.408342,0.416859,0.415136,0.404220,0.419621,0.426329,0.404309
513,0.420143,0.408292,0.421018,0.413691,0.413793,0.400749,0.403960,0.388079,0.398983,0.404399,0.409052,0.394943,0.408317,0.422562,0.390790
514,0.407831,0.393166,0.402614,0.413777,0.411813,0.388755,0.403882,0.379220,0.400653,0.393821,0.393538,0.383118,0.401687,0.408092,0.377286
515,0.394848,0.397061,0.409608,0.410043,0.414846,0.378782,0.398007,0.384854,0.389844,0.391227,0.401735,0.385469,0.402053,0.404739,0.369335
516,0.399899,0.409182,0.408845,0.413492,0.415937,0.391037,0.407769,0.388335,0.389819,0.397676,0.400168,0.394333,0.405055,0.403939,0.377162
517,0.388913,0.398634,0.384255,0.395675,0.393609,0.378925,0.392608,0.363020,0.390930,0.390595,0.388835,0.372166,0.373873,0.387060,0.369788
518,0.397063,0.386638,0.392318,0.401956,0.402919,0.375525,0.395693,0.354504,0.397187,0.378431,0.393285,0.374971,0.378331,0.390347,0.365387
519,0.399642,0.403334,0.411889,0.416076,0.410942,0.391270,0.406533,0.387771,0.405468,0.406948,0.401008,0.400501,0.398750,0.408382,0.388531
520,0.378790,0.368180,0.386201,0.376482,0.395083,0.364321,0.375866,0.358437,0.377010,0.381217,0.370523,0.358665,0.374919,0.381916,0.363795
521,0.408470,0.403216,0.392684,0.406847,0.403277,0.389510,0.402769,0.382093,0.405018,0.394954,0.397973,0.376668,0.404015,0.414133,0.385908
522,0.399144,0.408578,0.400968,0.400474,0.403146,0.385566,0.403339,0.380538,0.401024,0.396053,0.394191,0.387123,0.409833,0.408136,0.387680
523,0.438359,0.422670,0.435986,0.422434,0.431762,0.410377,0.421971,0.410481,0.416114,0.415039,0.440418,0.417601,0.426890,0.440354,0.399672
528,0.399819,0.403130,0.401005,0.419985,0.410161,0.400548,0.414980,0.385978,0.413030,0.392338,0.401609,0.392959,0.405706,0.408766,0.386610
529,0.409594,0.407149,0.420389,0.428156,0.420292,0.401823,0.417119,0.399543,0.407898,0.405697,0.419602,0.396727,0.406662,0.417194,0.395906
530,0.397348,0.389347,0.400399,0.402178,0.397024,0.380713,0.402231,0.371772,0.394679,0.397291,0.392840,0.369345,0.409194,0.404468,0.368937
531,0.390286,0.398787,0.411994,0.418193,0.418090,0.402418,0.396664,0.392632,0.412069,0.400282,0.396429,0.395983,0.407422,0.418433,0.371717
524,0.380825,0.378401,0.388333,0.386356,0.397036,0.381799,0.381580,0.368029,0.390675,0.388485,0.378638,0.371885,0.393649,0.390241,0.363759
525,0.401984,0.398352,0.392493,0.401296,0.408321,0.384603,0.390004,0.369206,0.406634,0.393161,0.395478,0.389039,0.399108,0.400222,0.377727
526,0.400292,0.393739,0.402122,0.415066,0.408867,0.397337,0.408264,0.386009,0.403885,0.398420,0.411269,0.390755,0.404495,0.415894,0.383128
527,0.419238,0.408605,0.406880,0.434659,0.414053,0.410149,0.413519,0.384376,0.420518,0.405438,0.410255,0.399865,0.414716,0.423266,0.388373
532,0.402945,0.408867,0.409350,0.415719,0.416431,0.397272,0.410121,0.381485,0.395498,0.403296,0.405707,0.393458,0.401075,0.410914,0.387976
533,0.405497,0.417064,0.409458,0.411753,0.429249,0.405112,0.420611,0.388942,0.416715,0.404096,0.413775,0.398939,0.413794,0.418792,0.402464
534,0.409438,0.406694,0.405566,0.421482,0.415272,0.409244,0.407165,0.388893,0.408754,0.397309,0.403097,0.381676,0.404787,0.414657,0.378046
535,0.400850,0.388504,0.390722,0.400373,0.400297,0.380510,0.403961,0.372569,0.388700,0.396247,0.402111,0.393017,0.402371,0.402389,0.383019
540,0.403672,0.407219,0.402557,0.395846,0.411324,0.396040,0.397783,0.369847,0.400797,0.410510,0.404260,0.385942,0.399270,0.416752,0.381012
541,0.398590,0.390924,0.390970,0.400753,0.411272,0.387675,0.393786,0.377422,0.402943,0.393033,0.394531,0.386348,0.394403,0.416998,0.383529
542,0.416330,0.430294,0.422983,0.424685,0.422581,0.420559,0.419111,0.396028,0.421346,0.409362,0.421559,0.394154,0.415531,0.421229,0.402162
543,0.393961,0.394129,0.399647,0.408320,0.395632,0.387731,0.391969,0.368921,0.395708,0.384743,0.398914,0.376379,0.389853,0.401884,0.351486
536,0.391741,0.397464,0.392064,0.395561,0.402886,0.377787,0.389559,0.374118,0.391571,0.384025,0.393955,0.376181,0.396346,0.406029,0.386009
537,0.413362,0.405072,0.420505,0.429911,0.417155,0.402352,0.416062,0.386242,0.405099,0.409883,0.413591,0.387665,0.416361,0.424834,0.393041
538,0.394799,0.404107,0.390702,0.404946,0.407881,0.392526,0.397061,0.381891,0.388668,0.389147,0.397040,0.380734,0.399442,0.400807,0.380947
539,0.380977,0.377392,0.386103,0.384758,0.384199,0.360746,0.391463,0.363315,0.369134,0.369921,0.376633,0.368355,0.376417,0.389857,0.360610
548,0.442594,0.417342,0.435319,0.434375,0.452417,0.423962,0.444332,0.425427,0.412183,0.428282,0.443900,0.424030,0.435254,0.443615,0.425737
549,0.417287,0.404929,0.414909,0.415760,0.422917,0.409647,0.412870,0.382928,0.413153,0.413899,0.418783,0.396416,0.413767,0.418782,0.396026
550,0.396339,0.377529,0.395019,0.394176,0.400435,0.376872,0.394009,0.369054,0.393086,0.393886,0.396044,0.373810,0.393103,0.399780,0.372146
551,0.393832,0.389736,0.397034,0.389691,0.404356,0.376406,0.383139,0.378639,0.397614,0.384383,0.398640,0.375440,0.398006,0.407176,0.370494
544,0.406628,0.402957,0.410762,0.421795,0.413368,0.403390,0.417265,0.388502,0.412049,0.404281,0.402805,0.395782,0.406532,0.406929,0.400113
545,0.432482,0.431917,0.425501,0.443742,0.439563,0.412852,0.424234,0.399166,0.423854,0.423640,0.424130,0.407572,0.426379,0.443191,0.404097
546,0.408822,0.420319,0.412781,0.429846,0.427989,0.401633,0.421492,0.394911,0.410318,0.408162,0.413269,0.397333,0.417655,0.419326,0.411971
547,0.410983,0.413126,0.410864,0.421194,0.417571,0.404789,0.408992,0.389204,0.414210,0.414546,0.413220,0.400553,0.417380,0.420872,0.397615
552,0.414057,0.416204,0.414738,0.423894,0.416889,0.396324,0.417209,0.394254,0.402213,0.396862,0.413507,0.397328,0.403231,0.416468,0.398529
553,0.428098,0.434172,0.434047,0.434829,0.437195,0.428216,0.424052,0.414815,0.430434,0.420364,0.438045,0.411687,0.438003,0.442623,0.417112
554,0.413035,0.395623,0.425321,0.405004,0.412501,0.400298,0.409608,0.390094,0.401824,0.408163,0.416208,0.396257,0.419587,0.421389,0.396215
555,0.425463,0.419235,0.419316,0.417381,0.425507,0.404160,0.415191,0.392062,0.424461,0.423892,0.425720,0.404456,0.424011,0.424274,0.397863
556,0.409423,0.401039,0.412903,0.417603,0.419669,0.395197,0.415745,0.382333,0.410570,0.409548,0.407642,0.394441,0.413021,0.415147,0.388367
557,0.410356,0.407670,0.406403,0.414745,0.414761,0.395678,0.412038,0.381140,0.415078,0.409742,0.413799,0.391955,0.411009,0.422942,0.391771
558,0.399499,0.387074,0.387125,0.402138,0.402996,0.379989,0.390260,0.376491,0.399641,0.381804,0.387499,0.372906,0.392933,0.399880,0.370340
559,0.396285,0.390781,0.395785,0.395775,0.407595,0.383249,0.399665,0.372865,0.395180,0.396955,0.402696,0.375010,0.396960,0.415618,0.371342
560,0.390849,0.389133,0.400171,0.393236,0.416509,0.376738,0.407822,0.378608,0.398075,0.391760,0.396010,0.383788,0.394282,0.397768,0.374883
561,0.402833,0.422457,0.415402,0.416086,0.423891,0.407839,0.411228,0.386468,0.412420,0.411372,0.407730,0.389605,0.406114,0.412810,0.393655
562,0.401051,0.387534,0.403771,0.404243,0.405554,0.394734,0.398908,0.378914,0.400462,0.408116,0.400402,0.381232,0.400674,0.407381,0.372115
563,0.408524,0.405697,0.417282,0.401594,0.426264,0.389187,0.408672,0.375534,0.405880,0.407723,0.418756,0.388461,0.417091,0.420725,0.393801
564,0.415350,0.406017,0.406128,0.415935,0.416806,0.394989,0.414583,0.397805,0.409812,0.402949,0.407429,0.389151,0.412181,0.408639,0.383311
565,0.398594,0.403568,0.403939,0.406420,0.402603,0.390300,0.399115,0.378415,0.406857,0.394964,0.400335,0.390105,0.400408,0.401616,0.382776
566,0.408141,0.401500,0.410273,0.404320,0.415122,0.395945,0.405730,0.387495,0.396224,0.405321,0.417608,0.398653,0.405037,0.423208,0.384989
567,0.434102,0.411810,0.429428,0.428682,0.433378,0.416644,0.425578,0.391937,0.425219,0.418125,0.427844,0.401234,0.423669,0.436117,0.412102
568,0.413125,0.407131,0.405385,0.415163,0.417777,0.395807,0.419894,0.380476,0.409959,0.403341,0.401011,0.399014,0.400199,0.412172,0.396951
569,0.413310,0.420993,0.429761,0.434388,0.435998,0.420175,0.422990,0.404375,0.421133,0.415465,0.422789,0.404526,0.409976,0.427804,0.401894
570,0.402423,0.401921,0.403648,0.406340,0.408286,0.403202,0.393789,0.387899,0.400923,0.402332,0.399793,0.390455,0.401251,0.410107,0.380096
571,0.395910,0.380207,0.387360,0.400540,0.389325,0.370173,0.395575,0.367817,0.394046,0.384353,0.394254,0.380143,0.385786,0.390943,0.378209
572,0.378956,0.384128,0.390509,0.400003,0.400063,0.385511,0.386189,0.377836,0.391899,0.389974,0.391295,0.369967,0.400606,0.393154,0.376666
573,0.392411,0.389041,0.396783,0.397280,0.406871,0.375450,0.389132,0.378871,0.395703,0.391918,0.408125,0.376511,0.392922,0.399871,0.363866
574,0.417027,0.415273,0.409052,0.420896,0.415926,0.390541,0.412751,0.394781,0.417581,0.411364,0.412251,0.408580,0.401583,0.413716,0.383274
575,0.402349,0.405866,0.422501,0.421702,0.425628,0.392696,0.415340,0.395190,0.412951,0.404279,0.419001,0.401762,0.421142,0.421246,0.379273
580,0.401593,0.402411,0.412909,0.419788,0.426800,0.408068,0.409664,0.394091,0.412831,0.412032,0.409826,0.399903,0.420525,0.412320,0.390624
581,0.422656,0.413963,0.419101,0.431601,0.424259,0.423074,0.417958,0.386976,0.425063,0.418957,0.428990,0.403168,0.421259,0.424855,0.419351
582,0.408554,0.409231,0.399801,0.420633,0.412243,0.394592,0.414084,0.378305,0.409296,0.399294,0.409814,0.390861,0.409270,0.416048,0.393872
583,0.396251,0.389049,0.384696,0.392449,0.395241,0.389236,0.382179,0.373552,0.389522,0.391547,0.401850,0.375860,0.399702,0.403718,0.368865
576,0.401693,0.410058,0.398545,0.411973,0.409211,0.386103,0.410948,0.373502,0.393837,0.388501,0.417422,0.378695,0.409276,0.408922,0.396149
577,0.423401,0.411740,0.415352,0.422708,0.422353,0.417769,0.401208,0.396460,0.415404,0.407715,0.420521,0.387180,0.424377,0.425925,0.401620
578,0.424732,0.391619,0.408587,0.396670,0.419070,0.399602,0.401574,0.379353,0.395566,0.411967,0.411334,0.388227,0.405324,0.415702,0.377458
579,0.410011,0.418744,0.414590,0.409336,0.430163,0.410737,0.402973,0.401534,0.416217,0.410923,0.423697,0.403230,0.410819,0.421095,0.389504
584,0.378358,0.376045,0.390366,0.390334,0.405672,0.365159,0.385167,0.370638,0.382607,0.374062,0.384485,0.364768,0.383507,0.391364,0.373771
585,0.419248,0.423834,0.428868,0.446250,0.435514,0.416311,0.438231,0.413128,0.429223,0.424215,0.430785,0.412499,0.420962,0.431607,0.402684
586,0.388528,0.389728,0.384806,0.398235,0.388155,0.375056,0.395428,0.354397,0.389315,0.380941,0.388290,0.371253,0.393125,0.396545,0.376322
587,0.408551,0.409413,0.405438,0.417618,0.419021,0.398547,0.412673,0.390172,0.405481,0.410496,0.415229,0.400551,0.407716,0.420475,0.402002
588,0.437919,0.432345,0.427784,0.432428,0.435125,0.421226,0.429822,0.408098,0.426608,0.413627,0.429796,0.414857,0.429290,0.435417,0.406481
589,0.400304,0.409222,0.410824,0.417375,0.413627,0.402251,0.412289,0.389833,0.404539,0.399879,0.403617,0.390197,0.401348,0.414340,0.386738
590,0.419640,0.404883,0.430490,0.425233,0.434410,0.414182,0.420922,0.411728,0.418542,0.423168,0.424269,0.392767,0.431311,0.428736,0.403484
591,0.405893,0.383700,0.406362,0.396293,0.414559,0.384305,0.389398,0.371152,0.388259,0.394324,0.400813,0.380241,0.408593,0.407824,0.389681
592,0.426204,0.439813,0.422589,0.432692,0.438611,0.416521,0.432331,0.398547,0.430325,0.421329,0.412715,0.414249,0.421858,0.425690,0.400715
593,0.397357,0.404509,0.402953,0.411881,0.411133,0.393909,0.413919,0.379450,0.396498,0.400915,0.412965,0.390031,0.410029,0.409102,0.378176
594,0.386617,0.370613,0.388118,0.390518,0.400299,0.383063,0.385896,0.362066,0.388711,0.384584,0.386935,0.370608,0.383750,0.394766,0.378447
595,0.425599,0.427210,0.414761,0.428671,0.420784,0.414420,0.427469,0.389451,0.426043,0.416220,0.416209,0.410126,0.419871,0.434135,0.405160
596,0.392160,0.397764,0.395237,0.403152,0.391096,0.405290,0.396058,0.367468,0.398464,0.387696,0.394207,0.372720,0.390701,0.400014,0.388751
597,0.387172,0.385472,0.394497,0.409215,0.402993,0.395035,0.385468,0.372379,0.402551,0.391306,0.397210,0.383954,0.398090,0.404265,0.366392
598,0.416896,0.425611,0.432988,0.435889,0.433510,0.422653,0.428467,0.405661,0.422345,0.425535,0.430084,0.411633,0.434692,0.429401,0.405545
599,0.400145,0.381095,0.399330,0.389262,0.413462,0.371482,0.390837,0.380610,0.392056,0.394271,0.419026,0.388669,0.394612,0.405327,0.379960
604,0.406617,0.398573,0.408192,0.402852,0.403591,0.390072,0.397870,0.382284,0.403674,0.392690,0.408405,0.385026,0.405246,0.409405,0.374207
605,0.380972,0.384904,0.377673,0.390044,0.381205,0.359784,0.389110,0.355015,0.383116,0.367187,0.377824,0.361111,0.373774,0.384756,0.359910
606,0.400405,0.398034,0.387894,0.404750,0.403821,0.375457,0.397569,0.376001,0.399200,0.395075,0.406046,0.374359,0.399617,0.399207,0.379127
607,0.407314,0.394199,0.406740,0.411808,0.413622,0.387487,0.412905,0.389068,0.390016,0.407118,0.408292,0.383000,0.408690,0.421656,0.385998
600,0.396203,0.405235,0.403868,0.408039,0.408011,0.385238,0.412957,0.379308,0.400969,0.393260,0.401128,0.387016,0.391697,0.405696,0.382125
601,0.412609,0.408204,0.421097,0.425238,0.422116,0.408474,0.413388,0.393501,0.414726,0.413271,0.405002,0.386488,0.416678,0.426345,0.387378
602,0.421004,0.410429,0.426049,0.428658,0.427708,0.412297,0.425957,0.398435,0.414414,0.412128,0.416833,0.397899,0.412251,0.419492,0.396030
603,0.406124,0.423727,0.424550,0.420890,0.426680,0.406597,0.413150,0.405018,0.412583,0.414229,0.420341,0.400925,0.406269,0.424926,0.396581
608,0.401645,0.391909,0.392705,0.402714,0.406049,0.386981,0.402300,0.371864,0.398457,0.399565,0.392139,0.384711,0.399861,0.407559,0.371020
609,0.386893,0.391055,0.379002,0.396255,0.389391,0.390123,0.395196,0.357259,0.393985,0.382321,0.393388,0.377284,0.396150,0.393229,0.382051
610,0.409600,0.413173,0.399084,0.418841,0.428210,0.397986,0.420315,0.389749,0.412199,0.419951,0.410947,0.404932,0.420965,0.422693,0.398979
611,0.420235,0.406752,0.417075,0.419560,0.425506,0.404292,0.423753,0.397039,0.405331,0.410773,0.422546,0.405256,0.421527,0.427397,0.397581
612,0.403466,0.402320,0.409941,0.406885,0.417921,0.393789,0.397066,0.388145,0.400725,0.396173,0.413308,0.380413,0.408249,0.411809,0.380185
613,0.400546,0.386860,0.405196,0.398995,0.411393,0.388328,0.403591,0.371643,0.403500,0.399411,0.399335,0.383067,0.398458,0.412229,0.373770
614,0.394050,0.404112,0.397900,0.409412,0.401400,0.392515,0.405888,0.378816,0.405140,0.395233,0.399178,0.385839,0.390966,0.398277,0.382659
615,0.407158,0.413328,0.408658,0.423604,0.416027,0.403125,0.416176,0.384271,0.404417,0.407582,0.405507,0.388702,0.403666,0.407263,0.385926
628,0.431498,0.443004,0.430800,0.446707,0.438298,0.423216,0.439679,0.412176,0.436805,0.425142,0.432156,0.409800,0.436277,0.442747,0.408074
629,0.402492,0.385187,0.407750,0.408235,0.417211,0.398670,0.396819,0.391627,0.403992,0.405684,0.404969,0.386696,0.404398,0.421251,0.386220
630,0.392882,0.395912,0.383255,0.406419,0.400762,0.386215,0.382876,0.363263,0.400461,0.390574,0.388865,0.377010,0.408006,0.403149,0.363587
631,0.395543,0.405084,0.394702,0.401895,0.404794,0.389633,0.395792,0.380048,0.405583,0.392094,0.394510,0.385259,0.400070,0.394367,0.382110
620,0.422204,0.437048,0.422333,0.423263,0.424217,0.391639,0.415821,0.394516,0.427538,0.418007,0.410756,0.406248,0.417492,0.428040,0.400896
621,0.390915,0.381906,0.379704,0.386244,0.390943,0.369108,0.382042,0.353986,0.371154,0.370497,0.368619,0.376147,0.377941,0.389410,0.363095
622,0.404918,0.401141,0.405556,0.411208,0.412883,0.400064,0.407508,0.376858,0.401826,0.401781,0.412231,0.390623,0.402173,0.411339,0.394493
623,0.419160,0.417528,0.428229,0.425181,0.427789,0.406128,0.428875,0.408919,0.426527,0.414438,0.433900,0.399812,0.429064,0.432378,0.409207
616,0.419012,0.411567,0.415528,0.413488,0.417617,0.406421,0.407831,0.382747,0.409317,0.411469,0.424416,0.394947,0.406959,0.412222,0.398062
617,0.384275,0.378547,0.389134,0.386752,0.397233,0.365657,0.376322,0.355518,0.382866,0.376078,0.389204,0.365557,0.391922,0.386609,0.357236
618,0.421693,0.417203,0.426335,0.435419,0.428156,0.406396,0.437117,0.409735,0.421717,0.423340,0.442780,0.422627,0.418287,0.442312,0.401926
619,0.423115,0.425137,0.432051,0.424028,0.422146,0.400334,0.426734,0.402157,0.424028,0.412490,0.430046,0.409704,0.429727,0.431558,0.403354
624,0.415489,0.411534,0.416617,0.437844,0.428796,0.399561,0.432658,0.396029,0.427158,0.415234,0.422688,0.413584,0.419903,0.427700,0.402474
625,0.393907,0.396754,0.401892,0.395195,0.400250,0.392166,0.400258,0.375584,0.395311,0.388361,0.403532,0.374048,0.402788,0.393866,0.380119
626,0.398087,0.386215,0.402893,0.405893,0.415605,0.393556,0.402428,0.380996,0.397466,0.407057,0.390091,0.374688,0.410007,0.424314,0.383806
627,0.393525,0.385507,0.396646,0.402670,0.394576,0.387907,0.394837,0.369484,0.395508,0.391327,0.393682,0.374084,0.401002,0.403367,0.365906
632,0.403874,0.390070,0.401239,0.409481,0.398360,0.375408,0.404567,0.360958,0.395995,0.390653,0.398571,0.380633,0.392404,0.397407,0.377808
633,0.397655,0.404126,0.394844,0.398459,0.396027,0.391728,0.393988,0.369813,0.399743,0.390537,0.397906,0.381270,0.385100,0.401897,0.378096
634,0.382569,0.390344,0.393418,0.402504,0.394918,0.389499,0.398598,0.375360,0.401396,0.387892,0.393002,0.378386,0.392403,0.405139,0.379359
635,0.377280,0.372859,0.383642,0.392185,0.391172,0.369592,0.384902,0.362667,0.383143,0.379020,0.380547,0.366831,0.371114,0.391722,0.369342
636,0.426477,0.429883,0.430368,0.434895,0.429500,0.418775,0.429744,0.404593,0.433033,0.420509,0.423840,0.414106,0.428418,0.419844,0.403405
637,0.397377,0.386425,0.401346,0.397144,0.407670,0.384658,0.402006,0.376481,0.396347,0.400928,0.405738,0.381405,0.399963,0.410540,0.388388
638,0.390617,0.398600,0.395769,0.404884,0.403465,0.395049,0.389571,0.373279,0.400543,0.394449,0.389019,0.376959,0.395503,0.400341,0.386570
639,0.408497,0.421764,0.410695,0.425551,0.424844,0.415268,0.420460,0.408744,0.416215,0.418882,0.419558,0.396037,0.423363,0.427473,0.411954
644,0.394655,0.405472,0.397557,0.409905,0.413412,0.391547,0.403821,0.386941,0.409345,0.396383,0.404179,0.393262,0.405669,0.409652,0.380794
645,0.406309,0.409527,0.398015,0.416545,0.408982,0.400046,0.406604,0.371654,0.402689,0.394882,0.397155,0.380884,0.401672,0.415859,0.395376
646,0.412043,0.398947,0.424821,0.412537,0.409260,0.390244,0.402250,0.383100,0.408382,0.405306,0.401523,0.382214,0.411228,0.420252,0.375649
647,0.392752,0.392508,0.371252,0.393752,0.385983,0.380609,0.394287,0.356192,0.389398,0.381212,0.384958,0.372066,0.386337,0.392112,0.369177
640,0.386388,0.384638,0.392392,0.398288,0.394820,0.381718,0.398497,0.380364,0.383215,0.380297,0.392700,0.370890,0.387321,0.395391,0.368876
641,0.440267,0.425692,0.426271,0.442715,0.439793,0.424928,0.445280,0.404417,0.427089,0.428445,0.438768,0.405118,0.436448,0.442025,0.423825
642,0.397501,0.384385,0.389989,0.395534,0.403832,0.378051,0.393314,0.379982,0.392624,0.390613,0.396207,0.375594,0.399162,0.405022,0.373963
643,0.418166,0.413407,0.426270,0.429475,0.433998,0.409460,0.413996,0.408146,0.417721,0.411444,0.422072,0.402565,0.413176,0.432253,0.390462
648,0.404341,0.414725,0.402267,0.408601,0.407336,0.392992,0.402361,0.380699,0.407482,0.384582,0.392181,0.393156,0.409203,0.417729,0.380132
649,0.414413,0.404656,0.415615,0.413629,0.419207,0.397550,0.416289,0.391678,0.411378,0.405080,0.423098,0.390377,0.418314,0.411884,0.395560
650,0.413089,0.400940,0.406947,0.406289,0.416766,0.384889,0.405114,0.391386,0.402587,0.397475,0.412496,0.386886,0.406224,0.410976,0.379842
651,0.413968,0.406460,0.409056,0.408883,0.412910,0.403422,0.396844,0.381342,0.409410,0.403706,0.397496,0.393539,0.400441,0.409766,0.383763
652,0.405893,0.411261,0.403257,0.420870,0.408471,0.397970,0.416636,0.385336,0.409606,0.394609,0.420131,0.403359,0.406037,0.415768,0.390072
653,0.426223,0.417506,0.422353,0.421318,0.432565,0.417765,0.415630,0.407787,0.424491,0.420294,0.428810,0.416185,0.428910,0.427398,0.406665
654,0.425176,0.430428,0.426577,0.435966,0.433437,0.429848,0.438066,0.403250,0.430171,0.424391,0.422939,0.418693,0.438195,0.436604,0.403732
655,0.410160,0.415957,0.406805,0.438135,0.412369,0.409517,0.429200,0.390205,0.413024,0.412686,0.414676,0.402859,0.413510,0.422466,0.405874
656,0.411975,0.416844,0.419631,0.429997,0.427127,0.397536,0.421734,0.394370,0.419572,0.415625,0.423303,0.402789,0.419971,0.419963,0.409587
657,0.403710,0.394663,0.403531,0.404948,0.409405,0.404816,0.400691,0.388811,0.396623,0.403564,0.404147,0.382455,0.407741,0.414632,0.381707
658,0.419431,0.419182,0.434342,0.433435,0.440939,0.412755,0.419786,0.406588,0.420074,0.410747,0.431476,0.410086,0.424017,0.423698,0.402921
659,0.396423,0.392422,0.394997,0.393703,0.386943,0.386911,0.391724,0.367607,0.380499,0.381744,0.390425,0.378315,0.389609,0.389051,0.374227
660,0.388867,0.381060,0.392481,0.395965,0.408973,0.385550,0.401817,0.360888,0.391786,0.384836,0.401025,0.379205,0.400488,0.405539,0.383718
661,0.384496,0.376596,0.397803,0.397640,0.406761,0.381483,0.401002,0.376179,0.385541,0.380564,0.401063,0.367383,0.399268,0.403782,0.375225
662,0.417523,0.428340,0.410976,0.421432,0.420375,0.407257,0.406082,0.385825,0.413008,0.406467,0.409206,0.392658,0.414651,0.417064,0.383454
663,0.400736,0.400580,0.393213,0.401150,0.400034,0.378492,0.394741,0.378266,0.398250,0.389947,0.412564,0.377041,0.393626,0.411365,0.378920
664,0.395616,0.383202,0.389624,0.404490,0.395686,0.370518,0.400770,0.369527,0.382123,0.386867,0.392841,0.377429,0.389640,0.392948,0.372281
665,0.419197,0.414090,0.417056,0.423823,0.418171,0.406649,0.413428,0.392475,0.414195,0.418717,0.410561,0.394474,0.412738,0.432582,0.399864
666,0.403027,0.404119,0.389599,0.403148,0.399530,0.387915,0.409766,0.377998,0.398903,0.395434,0.397131,0.384043,0.395620,0.401230,0.376645
667,0.416598,0.415503,0.412160,0.408003,0.420383,0.402926,0.410865,0.385488,0.402811,0.401423,0.412921,0.394828,0.414286,0.409931,0.395973
668,0.387679,0.389771,0.392852,0.392461,0.409982,0.381851,0.393352,0.375748,0.390976,0.386944,0.391357,0.380480,0.386936,0.403224,0.363744
669,0.420101,0.409402,0.421137,0.419663,0.428583,0.405333,0.420559,0.399016,0.413769,0.412692,0.419790,0.405991,0.421550,0.422679,0.399966
670,0.420033,0.417673,0.423589,0.420188,0.432697,0.402116,0.419040,0.404645,0.420842,0.411535,0.416181,0.399289,0.425982,0.422432,0.402938
671,0.429929,0.421773,0.413676,0.417169,0.425031,0.414309,0.408010,0.403847,0.431173,0.412091,0.424549,0.411135,0.420197,0.432776,0.408024
672,0.410935,0.395250,0.401883,0.397963,0.413657,0.392335,0.399272,0.375778,0.404729,0.401164,0.408270,0.397072,0.403803,0.404220,0.391249
673,0.375560,0.389599,0.383195,0.417764,0.389631,0.387663,0.403576,0.363321,0.387370,0.381846,0.385474,0.370754,0.381587,0.396304,0.363088
674,0.424587,0.416113,0.414914,0.416840,0.415120,0.400301,0.416304,0.395110,0.420541,0.413402,0.414474,0.393805,0.418323,0.424606,0.390523
675,0.407726,0.404850,0.396635,0.408347,0.415124,0.387982,0.402771,0.390783,0.407609,0.394204,0.400219,0.390505,0.398841,0.412431,0.384138
676,0.403719,0.387240,0.400355,0.406327,0.402922,0.379935,0.395317,0.395311,0.398506,0.392749,0.396894,0.382481,0.403473,0.412909,0.379348
677,0.425119,0.428735,0.423778,0.427543,0.432200,0.420097,0.421581,0.405756,0.433740,0.415857,0.421216,0.409680,0.435399,0.428136,0.403639
678,0.378972,0.389834,0.376029,0.402195,0.382231,0.371756,0.394958,0.360499,0.396286,0.380637,0.380626,0.367957,0.376834,0.392617,0.357590
679,0.400600,0.406083,0.412048,0.409200,0.414337,0.410441,0.400224,0.387153,0.414476,0.398761,0.407454,0.400235,0.414111,0.411753,0.395491
684,0.399676,0.405639,0.399740,0.413193,0.412172,0.390794,0.401979,0.382093,0.401877,0.390242,0.406018,0.396547,0.402913,0.409717,0.391132
685,0.399231,0.391660,0.400787,0.401164,0.396945,0.384864,0.397167,0.378978,0.395646,0.391777,0.402919,0.391238,0.400692,0.404980,0.387452
686,0.387967,0.385721,0.383625,0.402433,0.397616,0.393274,0.390178,0.374674,0.389116,0.385171,0.388590,0.374816,0.382040,0.392268,0.376784
687,0.409380,0.411923,0.394406,0.412228,0.403990,0.388311,0.406528,0.364913,0.408102,0.394818,0.395026,0.390175,0.399132,0.408081,0.384327
688,0.399224,0.410291,0.396757,0.403108,0.411652,0.377837,0.411709,0.372763,0.392981,0.394534,0.393194,0.394077,0.402835,0.416522,0.382233
689,0.403351,0.387960,0.406790,0.405190,0.407371,0.395221,0.397257,0.379830,0.405254,0.401498,0.408504,0.384560,0.412311,0.416360,0.377130
690,0.380085,0.367866,0.386895,0.378164,0.384031,0.363898,0.374575,0.361215,0.377759,0.380966,0.390856,0.360140,0.384351,0.393358,0.356448
691,0.396181,0.382640,0.405313,0.391005,0.404008,0.379608,0.395418,0.382785,0.393737,0.404889,0.410342,0.395605,0.395857,0.411366,0.389552
680,0.413553,0.412381,0.402496,0.419786,0.411013,0.400630,0.415166,0.378729,0.407228,0.398560,0.399376,0.392399,0.406909,0.418831,0.383890
681,0.422150,0.411259,0.420029,0.416915,0.425346,0.410608,0.417069,0.396002,0.419842,0.413170,0.414787,0.403745,0.418238,0.427307,0.405244
682,0.395042,0.396531,0.404367,0.402220,0.408555,0.377298,0.404119,0.376067,0.390935,0.392257,0.403820,0.380753,0.396044,0.399119,0.375915
683,0.420052,0.407363,0.414314,0.414624,0.425890,0.398632,0.414928,0.386872,0.409784,0.403019,0.422761,0.406692,0.418002,0.423525,0.400459
692,0.390910,0.391225,0.390214,0.403944,0.405415,0.384170,0.399612,0.375236,0.392874,0.391577,0.404913,0.378636,0.391875,0.403490,0.385839
693,0.418284,0.391098,0.399581,0.426244,0.412044,0.393267,0.419587,0.385334,0.414788,0.413657,0.411541,0.392485,0.415395,0.421974,0.388445
694,0.417618,0.415557,0.423110,0.419350,0.428612,0.410980,0.417439,0.410985,0.422801,0.416719,0.424996,0.395953,0.427978,0.434658,0.398824
695,0.416126,0.417071,0.409635,0.431305,0.417926,0.411110,0.423789,0.386061,0.413179,0.398702,0.418877,0.402675,0.411626,0.420778,0.401067
696,0.402591,0.391150,0.394506,0.419553,0.407753,0.391867,0.409204,0.383129,0.392314,0.389172,0.393179,0.381246,0.392088,0.405760,0.389048
697,0.393007,0.406169,0.399107,0.412366,0.410869,0.387960,0.408216,0.375387,0.411017,0.398868,0.404323,0.384385,0.405365,0.401786,0.382315
698,0.388599,0.400463,0.400926,0.413060,0.409610,0.392048,0.404139,0.380655,0.401753,0.390916,0.399295,0.385936,0.403081,0.404774,0.384258
699,0.418775,0.409907,0.421745,0.420053,0.424429,0.413775,0.413326,0.392373,0.415381,0.417948,0.417931,0.400701,0.421588,0.422995,0.394974
700,0.399094,0.408782,0.395027,0.410587,0.404287,0.388573,0.414415,0.389045,0.404757,0.392893,0.401355,0.381264,0.398481,0.410275,0.385295
701,0.404769,0.419606,0.396711,0.426697,0.414632,0.392451,0.418616,0.380316,0.395121,0.398993,0.406347,0.398997,0.409864,0.413148,0.388018
702,0.409914,0.401442,0.411141,0.404101,0.410732,0.393254,0.403244,0.388668,0.403031,0.398888,0.396415,0.372794,0.398407,0.416230,0.372871
703,0.438306,0.431760,0.418103,0.432594,0.436921,0.413612,0.431572,0.401485,0.426518,0.406397,0.431017,0.412749,0.432137,0.421540,0.416123
708,0.397336,0.395393,0.393718,0.405290,0.406084,0.383771,0.393494,0.379197,0.385256,0.394706,0.395753,0.370129,0.400061,0.404204,0.361792
709,0.405467,0.397003,0.400196,0.407754,0.411007,0.392822,0.399770,0.378889,0.400432,0.405981,0.405556,0.389202,0.407062,0.412680,0.376232
710,0.401600,0.417610,0.411084,0.410403,0.420696,0.402088,0.396325,0.394561,0.410947,0.408080,0.402204,0.391706,0.408831,0.415477,0.387844
711,0.410802,0.410698,0.406784,0.399091,0.417036,0.398970,0.404358,0.385971,0.407146,0.404640,0.417940,0.395060,0.421553,0.422876,0.393652
704,0.415534,0.407478,0.412793,0.422674,0.425271,0.395740,0.421050,0.390442,0.407664,0.401284,0.412992,0.393131,0.414826,0.414281,0.387540
705,0.409015,0.397947,0.397471,0.401688,0.406519,0.399380,0.396977,0.380656,0.401462,0.391232,0.406450,0.373016,0.395904,0.411972,0.375975
706,0.427645,0.422184,0.421569,0.432410,0.420719,0.406849,0.429277,0.398003,0.415078,0.410307,0.424429,0.415382,0.419893,0.433652,0.406864
707,0.416733,0.414226,0.418499,0.416584,0.410707,0.394608,0.415794,0.391714,0.410473,0.399223,0.413434,0.392347,0.413132,0.407263,0.387279
712,0.414431,0.400394,0.416786,0.414792,0.415953,0.412442,0.401526,0.393427,0.405819,0.405529,0.423246,0.401659,0.407088,0.426084,0.392525
713,0.437687,0.430705,0.438651,0.443907,0.446270,0.419090,0.441865,0.418352,0.436598,0.427826,0.439621,0.427734,0.432238,0.442427,0.425523
714,0.389273,0.392077,0.394044,0.404499,0.396541,0.380741,0.392775,0.374768,0.390055,0.386537,0.390089,0.364186,0.396926,0.398646,0.371383
715,0.428932,0.415060,0.421559,0.431872,0.431004,0.409681,0.413551,0.400902,0.419609,0.415467,0.417339,0.408518,0.421834,0.431630,0.395710
716,0.393886,0.386713,0.392280,0.398289,0.396616,0.383185,0.391446,0.371405,0.396356,0.382501,0.397264,0.374918,0.397695,0.409564,0.379638
717,0.419671,0.404239,0.410661,0.422455,0.424008,0.406590,0.406875,0.399879,0.416830,0.421363,0.412393,0.402687,0.413971,0.430248,0.392603
718,0.414012,0.416364,0.418527,0.408836,0.404897,0.407816,0.404557,0.382453,0.411903,0.414711,0.411885,0.382786,0.412957,0.420069,0.392392
719,0.400683,0.398674,0.401109,0.421558,0.415158,0.391889,0.402190,0.382723,0.404848,0.397501,0.406976,0.396665,0.411639,0.418682,0.380601
720,0.419408,0.422287,0.414845,0.417158,0.415060,0.419283,0.411769,0.382850,0.414380,0.402753,0.415521,0.401996,0.405726,0.416273,0.403014
721,0.430919,0.415100,0.425774,0.420118,0.426467,0.423552,0.434512,0.410293,0.428794,0.419576,0.422210,0.409718,0.426902,0.428576,0.412094
722,0.400659,0.396993,0.406381,0.432212,0.413685,0.392036,0.404450,0.394506,0.402128,0.407765,0.420097,0.407235,0.403291,0.421199,0.397774
723,0.405265,0.405986,0.395263,0.410751,0.408202,0.393326,0.399214,0.378570,0.405510,0.391438,0.395521,0.381042,0.402249,0.405066,0.378610
728,0.421234,0.410646,0.413828,0.415632,0.422762,0.401386,0.421371,0.389989,0.407480,0.415360,0.409333,0.401033,0.414250,0.421970,0.405182
729,0.403813,0.409410,0.412543,0.418225,0.419203,0.387464,0.413082,0.393107,0.411312,0.408181,0.411701,0.397052,0.410745,0.415320,0.379692
730,0.403766,0.401280,0.402882,0.407689,0.414711,0.393400,0.401448,0.388956,0.391444,0.399745,0.419070,0.387333,0.403195,0.411929,0.382160
731,0.421104,0.426013,0.432876,0.424408,0.426866,0.417310,0.416884,0.407692,0.427573,0.427286,0.424657,0.404422,0.428268,0.421165,0.403270
732,0.431547,0.424116,0.422941,0.433230,0.438308,0.413998,0.418966,0.406470,0.418993,0.410327,0.433254,0.418202,0.433752,0.432600,0.401956
733,0.381565,0.374140,0.382437,0.388025,0.392404,0.369355,0.377727,0.358606,0.384814,0.375296,0.378046,0.366982,0.380536,0.387311,0.358180
734,0.401347,0.403957,0.418180,0.412510,0.427093,0.390284,0.408350,0.388833,0.410539,0.390064,0.413642,0.390505,0.404875,0.408669,0.383419
735,0.391666,0.407064,0.401014,0.406653,0.409609,0.394738,0.400185,0.381994,0.395186,0.392977,0.403874,0.385974,0.404884,0.404715,0.388006
724,0.392379,0.388385,0.398683,0.399155,0.396164,0.373437,0.391663,0.363810,0.389060,0.394362,0.400624,0.372883,0.386722,0.395847,0.361933
725,0.418705,0.417751,0.416591,0.421926,0.421427,0.413820,0.421699,0.390873,0.420014,0.418065,0.421635,0.407871,0.418317,0.420753,0.405562
726,0.388795,0.388502,0.380740,0.382866,0.404197,0.373327,0.384747,0.362545,0.384741,0.378155,0.379253,0.378410,0.378544,0.389144,0.356360
727,0.423887,0.418520,0.417939,0.431193,0.426242,0.406707,0.419394,0.391335,0.425107,0.417534,0.417804,0.408187,0.425893,0.420132,0.389650
736,0.393754,0.402097,0.403356,0.419412,0.411728,0.398504,0.416016,0.385130,0.421455,0.403280,0.419320,0.391916,0.403528,0.419926,0.387235
737,0.413257,0.403920,0.410921,0.402514,0.425312,0.399980,0.411894,0.378865,0.409332,0.420723,0.418522,0.403297,0.415762,0.424363,0.391699
738,0.390006,0.389490,0.385010,0.395513,0.389636,0.380503,0.393339,0.358895,0.392155,0.390359,0.386781,0.375489,0.390134,0.389713,0.373649
739,0.375109,0.379696,0.390172,0.379842,0.391000,0.370008,0.378756,0.364898,0.371305,0.375124,0.389605,0.370845,0.376905,0.390772,0.362271
740,0.387104,0.386852,0.386322,0.385385,0.401196,0.366184,0.392184,0.376686,0.394638,0.391140,0.396566,0.378807,0.395721,0.392742,0.362316
741,0.403868,0.412132,0.413182,0.425838,0.415192,0.392459,0.408350,0.391795,0.412006,0.408335,0.405748,0.387640,0.410929,0.411739,0.385383
742,0.400121,0.405734,0.399896,0.409327,0.406658,0.389348,0.392388,0.375833,0.385978,0.391060,0.396674,0.372795,0.398722,0.410677,0.372234
743,0.385061,0.392120,0.386698,0.394168,0.386651,0.389878,0.388387,0.362544,0.384430,0.388149,0.386596,0.378717,0.389497,0.388792,0.378694
756,0.397478,0.395407,0.399267,0.399675,0.401826,0.388353,0.401498,0.370404,0.392850,0.399102,0.394618,0.384144,0.400518,0.410318,0.381085
757,0.412268,0.402916,0.404236,0.431570,0.424656,0.411336,0.425647,0.394175,0.409260,0.408066,0.411897,0.399108,0.407823,0.419535,0.389417
758,0.419455,0.409977,0.412378,0.414618,0.410640,0.407161,0.402121,0.394613,0.408360,0.400677,0.406841,0.382118,0.409426,0.418289,0.382470
759,0.363955,0.366617,0.359561,0.378848,0.373257,0.356418,0.376134,0.341923,0.358007,0.360991,0.369946,0.345778,0.354791,0.371002,0.350491
744,0.409679,0.425314,0.423736,0.424734,0.430695,0.399455,0.413198,0.398998,0.420164,0.416510,0.413168,0.398908,0.418740,0.430590,0.383320
745,0.389392,0.393519,0.395380,0.402442,0.405196,0.390190,0.399590,0.373298,0.395786,0.394688,0.401241,0.380190,0.393167,0.394229,0.384140
746,0.400018,0.387917,0.411762,0.400646,0.408751,0.381462,0.406317,0.375838,0.392030,0.398122,0.413039,0.388859,0.391973,0.412459,0.385813
747,0.410047,0.413096,0.417553,0.415827,0.415756,0.386226,0.407778,0.385118,0.405807,0.407841,0.402821,0.389937,0.406690,0.409860,0.371728
748,0.421832,0.419379,0.420509,0.419896,0.423451,0.401959,0.416820,0.397468,0.417551,0.408292,0.419438,0.404927,0.424686,0.430926,0.398792
749,0.394424,0.394244,0.400941,0.393393,0.412130,0.382503,0.396875,0.375779,0.400834,0.388882,0.409166,0.382986,0.404159,0.413571,0.382927
750,0.395636,0.392354,0.387387,0.391577,0.399498,0.386370,0.387026,0.364136,0.391216,0.392270,0.397395,0.380955,0.401873,0.399271,0.370329
751,0.418307,0.411063,0.425443,0.425616,0.427763,0.404902,0.416507,0.391792,0.420287,0.416368,0.430839,0.411672,0.436179,0.443460,0.394982
752,0.375689,0.388863,0.382392,0.393128,0.388121,0.383774,0.389605,0.364632,0.386758,0.378225,0.388120,0.370579,0.388258,0.390938,0.365381
753,0.398781,0.376858,0.391620,0.397347,0.396643,0.380870,0.389355,0.364463,0.390308,0.390462,0.399665,0.383651,0.394631,0.411448,0.370303
754,0.405764,0.400139,0.416764,0.413815,0.424256,0.399204,0.409193,0.388101,0.413688,0.408557,0.411059,0.394855,0.398126,0.419697,0.387995
755,0.415000,0.402200,0.409147,0.408585,0.405517,0.397928,0.404469,0.379418,0.400401,0.398909,0.412923,0.385020,0.411285,0.410589,0.380935
760,0.424079,0.399126,0.430377,0.416681,0.427095,0.409239,0.407591,0.400072,0.413856,0.424220,0.430108,0.388807,0.416690,0.426531,0.395958
761,0.399610,0.404264,0.410715,0.424698,0.413307,0.396710,0.410228,0.380231,0.404550,0.399336,0.408703,0.389715,0.403064,0.409417,0.384662
762,0.416318,0.426028,0.422366,0.434744,0.440288,0.420486,0.425001,0.398570,0.427711,0.431981,0.426730,0.405520,0.416643,0.429524,0.400436
763,0.390988,0.402778,0.396276,0.405077,0.406494,0.378246,0.400335,0.386693,0.390369,0.394147,0.391380,0.383794,0.402106,0.407801,0.372478
764,0.379114,0.359424,0.385540,0.373682,0.377614,0.358129,0.363536,0.349777,0.370803,0.365196,0.377019,0.353673,0.382237,0.377172,0.348510
765,0.380449,0.378242,0.378510,0.398902,0.382430,0.370510,0.391706,0.358313,0.385597,0.380224,0.382915,0.361715,0.381020,0.388174,0.354202
766,0.432847,0.438967,0.437260,0.433107,0.440210,0.424964,0.439869,0.421771,0.431392,0.416103,0.432291,0.422354,0.430460,0.439068,0.425882
767,0.392360,0.399801,0.397355,0.403590,0.398704,0.393576,0.401647,0.353018,0.399816,0.401364,0.388668,0.381488,0.398962,0.399115,0.375508
768,0.423845,0.404700,0.416718,0.421104,0.425316,0.403786,0.420428,0.392995,0.424633,0.412649,0.418019,0.394444,0.425162,0.418431,0.394162
769,0.411712,0.408970,0.400297,0.418757,0.411136,0.394364,0.417773,0.389192,0.419240,0.410652,0.407406,0.393616,0.413860,0.420349,0.393173
770,0.422072,0.418168,0.417892,0.407862,0.423437,0.405933,0.411315,0.392082,0.420608,0.418213,0.421048,0.396967,0.409261,0.425398,0.393323
771,0.385469,0.372308,0.385316,0.388193,0.396509,0.385288,0.389834,0.369019,0.377755,0.379451,0.388578,0.365371,0.378627,0.387223,0.367062
772,0.424532,0.428811,0.425858,0.443376,0.437899,0.426579,0.431853,0.416393,0.426860,0.416397,0.432311,0.407043,0.429139,0.436202,0.413370
773,0.426556,0.403471,0.436117,0.425677,0.429049,0.405461,0.422513,0.415451,0.418419,0.428857,0.432099,0.413084,0.430678,0.434358,0.409458
774,0.401771,0.384642,0.400566,0.407853,0.393190,0.380639,0.401758,0.379905,0.391810,0.394146,0.403731,0.382243,0.396169,0.407084,0.377066
775,0.414425,0.413465,0.415580,0.414497,0.420110,0.407551,0.411637,0.388887,0.409415,0.407672,0.402429,0.400270,0.408333,0.415032,0.393054
776,0.399674,0.403959,0.395160,0.404523,0.412537,0.378478,0.397524,0.383970,0.394171,0.397451,0.397881,0.389489,0.387859,0.407116,0.383159
777,0.421141,0.400746,0.430158,0.415382,0.435570,0.407267,0.414891,0.396883,0.411707,0.426760,0.419489,0.407403,0.417975,0.430500,0.391619
778,0.406946,0.409206,0.406996,0.416308,0.412054,0.405584,0.418686,0.389795,0.422590,0.398183,0.416121,0.396962,0.415431,0.414280,0.397543
779,0.391807,0.387183,0.403180,0.395640,0.399238,0.375323,0.403522,0.363882,0.388456,0.389860,0.398108,0.378056,0.397359,0.392075,0.368983
780,0.418423,0.427812,0.416434,0.430674,0.419150,0.414782,0.428849,0.396096,0.419841,0.418635,0.429505,0.401289,0.422804,0.429733,0.406220
781,0.393518,0.394651,0.395742,0.393463,0.401137,0.387844,0.382972,0.375892,0.396888,0.389121,0.390420,0.378969,0.389434,0.398235,0.370711
782,0.397367,0.377741,0.399648,0.395626,0.399002,0.389903,0.382234,0.376432,0.389947,0.400083,0.400645,0.374527,0.408632,0.410010,0.370545
783,0.394397,0.388100,0.394905,0.404882,0.404348,0.385571,0.401694,0.371339,0.395523,0.397122,0.395537,0.381255,0.399000,0.404562,0.381082
784,0.411201,0.408306,0.408436,0.424254,0.414048,0.396366,0.420696,0.381076,0.404308,0.400607,0.414160,0.401704,0.409349,0.420468,0.397291
785,0.418387,0.410077,0.408993,0.415820,0.425887,0.407331,0.416253,0.399882,0.421495,0.411328,0.413227,0.397996,0.419955,0.419714,0.395524
786,0.423425,0.410911,0.421463,0.430920,0.433682,0.415621,0.418252,0.402114,0.421053,0.418315,0.429768,0.404727,0.426946,0.429738,0.401324
787,0.382468,0.362359,0.369316,0.375999,0.381972,0.356650,0.370007,0.343605,0.383694,0.355581,0.364882,0.366941,0.381248,0.389953,0.350359
788,0.406274,0.400423,0.424082,0.407554,0.421519,0.400844,0.419476,0.393873,0.409168,0.410910,0.418347,0.408340,0.413310,0.416744,0.400435
789,0.385649,0.388410,0.382109,0.402512,0.400617,0.381171,0.394857,0.356350,0.384637,0.384012,0.389474,0.369068,0.387775,0.404258,0.377058
790,0.402599,0.387226,0.398398,0.398681,0.413287,0.389774,0.393150,0.382703,0.400900,0.398464,0.403842,0.384515,0.405403,0.410096,0.394401
791,0.402288,0.397323,0.406344,0.409813,0.413861,0.393013,0.405228,0.394514,0.402077,0.398274,0.410364,0.390559,0.419676,0.413377,0.391957
792,0.427837,0.420427,0.416031,0.439967,0.436434,0.409886,0.431842,0.399824,0.428292,0.428191,0.410370,0.412986,0.428172,0.434945,0.407051
793,0.385085,0.389189,0.367464,0.383790,0.394467,0.368859,0.382730,0.354839,0.383935,0.366039,0.381510,0.365422,0.386988,0.391005,0.372952
794,0.434905,0.425236,0.414506,0.416817,0.425493,0.417868,0.416338,0.402032,0.425941,0.413007,0.420503,0.412856,0.417472,0.431321,0.408317
795,0.416995,0.399908,0.415625,0.408922,0.419595,0.395628,0.407983,0.387624,0.412780,0.409786,0.422267,0.396870,0.417774,0.417361,0.389692
796,0.391432,0.386084,0.386617,0.397738,0.391152,0.385033,0.386464,0.366694,0.383832,0.377926,0.385178,0.369703,0.391400,0.386706,0.366063
797,0.387278,0.388430,0.396285,0.398973,0.400158,0.390478,0.392185,0.371374,0.397733,0.397502,0.382453,0.372457,0.394460,0.395119,0.377102
798,0.409213,0.400073,0.415859,0.430219,0.423065,0.398791,0.424581,0.394407,0.412771,0.409567,0.417775,0.405029,0.417917,0.421766,0.385576
799,0.421862,0.411581,0.436606,0.420978,0.427150,0.425044,0.413966,0.396902,0.416226,0.418263,0.421821,0.398968,0.422379,0.421611,0.398659
800,0.402158,0.386456,0.395608,0.394945,0.407219,0.381488,0.388067,0.372759,0.393450,0.388335,0.394859,0.379075,0.396636,0.409433,0.374196
801,0.403835,0.415405,0.408856,0.409327,0.410611,0.403289,0.402484,0.380518,0.402393,0.401999,0.410575,0.388403,0.398460,0.413871,0.381978
802,0.380919,0.384104,0.374274,0.375181,0.391270,0.383748,0.375402,0.358574,0.386015,0.377233,0.387210,0.365890,0.386016,0.391452,0.369486
803,0.402278,0.397886,0.400786,0.401759,0.408574,0.396876,0.399597,0.376323,0.400249,0.394301,0.403172,0.383050,0.409592,0.411279,0.396490
804,0.407028,0.412316,0.405836,0.422125,0.412343,0.407784,0.410311,0.383828,0.418563,0.396525,0.411687,0.391948,0.422227,0.411854,0.389159
805,0.411749,0.411950,0.416485,0.430992,0.429562,0.407395,0.425390,0.391244,0.418681,0.410350,0.419812,0.407164,0.431039,0.423145,0.402244
806,0.407015,0.409742,0.400604,0.415140,0.410314,0.395603,0.410470,0.380712,0.396596,0.391366,0.410396,0.387107,0.407959,0.405864,0.389608
807,0.385317,0.380405,0.376619,0.385309,0.384275,0.370826,0.383667,0.358734,0.375040,0.370736,0.382193,0.359335,0.380135,0.388094,0.347075
808,0.397625,0.399422,0.398094,0.395906,0.408068,0.387097,0.386041,0.371946,0.394030,0.394756,0.403282,0.380827,0.404180,0.409278,0.378537
809,0.389775,0.391038,0.393627,0.406357,0.412413,0.381102,0.399330,0.381498,0.393722,0.387782,0.395414,0.378071,0.392523,0.405073,0.379676
810,0.412797,0.412195,0.419891,0.418883,0.421558,0.408399,0.420668,0.405007,0.426069,0.407416,0.416576,0.399714,0.422160,0.413574,0.394103
811,0.403983,0.390139,0.404394,0.393211,0.407193,0.396534,0.400029,0.370023,0.397422,0.393265,0.403077,0.375035,0.409442,0.401982,0.385248
812,0.392092,0.410179,0.384192,0.399341,0.403704,0.373425,0.384351,0.361328,0.389560,0.387514,0.383269,0.368605,0.392419,0.397508,0.361100
813,0.406380,0.403637,0.407977,0.408614,0.413865,0.395470,0.404791,0.391248,0.401822,0.403677,0.418524,0.401937,0.420021,0.423202,0.386230
814,0.407855,0.397374,0.407436,0.422574,0.408832,0.405722,0.396067,0.385938,0.403967,0.399562,0.405719,0.381867,0.411998,0.410937,0.375367
815,0.410150,0.400047,0.402243,0.414886,0.414978,0.394696,0.406435,0.382978,0.404253,0.395252,0.407301,0.392591,0.403213,0.415449,0.392307
820,0.403411,0.400408,0.405219,0.398918,0.405681,0.391918,0.394205,0.379556,0.397532,0.390889,0.389004,0.376980,0.405011,0.409274,0.381573
821,0.410789,0.390566,0.414434,0.410997,0.419510,0.392953,0.400461,0.393018,0.395381,0.406476,0.409349,0.387747,0.408986,0.416876,0.387767
822,0.411972,0.405493,0.406458,0.417169,0.416982,0.396116,0.414652,0.375619,0.409031,0.404070,0.417599,0.408187,0.411661,0.429957,0.389583
823,0.422470,0.422871,0.418213,0.424260,0.420535,0.401133,0.413016,0.393183,0.409620,0.415133,0.416980,0.387573,0.424807,0.427047,0.397489
816,0.432281,0.433901,0.437210,0.437578,0.444649,0.421442,0.436991,0.415819,0.430595,0.431323,0.435996,0.420036,0.447627,0.440705,0.416603
817,0.403989,0.386081,0.400481,0.400883,0.403493,0.390833,0.398372,0.380493,0.397855,0.397916,0.405045,0.378197,0.409620,0.408282,0.377096
818,0.381018,0.379842,0.377710,0.382312,0.394387,0.362698,0.388805,0.362039,0.369428,0.379734,0.381963,0.366442,0.380444,0.395396,0.364674
819,0.401302,0.391025,0.408680,0.401756,0.407453,0.390017,0.384682,0.383514,0.404033,0.396225,0.398494,0.382001,0.399131,0.414830,0.379929
824,0.403655,0.404638,0.411238,0.416587,0.422560,0.400408,0.415871,0.392118,0.404589,0.410022,0.415386,0.401860,0.414534,0.415268,0.396569
825,0.382693,0.384220,0.388429,0.390463,0.385245,0.374762,0.381482,0.367156,0.394645,0.377851,0.383805,0.370251,0.381926,0.398827,0.365435
826,0.397355,0.390881,0.393058,0.397412,0.396038,0.380421,0.386556,0.380517,0.393214,0.387226,0.399185,0.378248,0.398407,0.401091,0.378735
827,0.415971,0.413558,0.411460,0.431230,0.423186,0.406667,0.421495,0.392212,0.412146,0.415447,0.414964,0.400320,0.412653,0.419077,0.402587
828,0.419253,0.411618,0.411014,0.403496,0.410223,0.396121,0.418811,0.382474,0.408752,0.407151,0.404682,0.382494,0.410762,0.413437,0.402798
829,0.410276,0.415697,0.414087,0.412393,0.419909,0.396542,0.407263,0.392133,0.406066,0.410138,0.417012,0.397935,0.417174,0.416070,0.401744
830,0.380568,0.374981,0.382886,0.387782,0.391153,0.374431,0.380516,0.357498,0.382932,0.383006,0.384320,0.359751,0.384191,0.390861,0.354854
831,0.412077,0.404524,0.411918,0.406831,0.416191,0.390863,0.404285,0.396004,0.394866,0.392344,0.402305,0.387652,0.414656,0.408720,0.388293
832,0.430444,0.415341,0.418976,0.427924,0.429773,0.418206,0.410864,0.401813,0.425826,0.427663,0.424507,0.409381,0.433573,0.438691,0.409700
833,0.434305,0.435823,0.428297,0.436698,0.434208,0.428335,0.432403,0.408171,0.436443,0.425156,0.430811,0.411096,0.436475,0.447055,0.416611
834,0.401545,0.407865,0.392901,0.396300,0.396550,0.385027,0.400493,0.381614,0.399180,0.388187,0.399218,0.372617,0.397144,0.400382,0.381430
835,0.395483,0.392905,0.394006,0.410729,0.412807,0.385873,0.399661,0.382216,0.406923,0.397337,0.404419,0.397405,0.413987,0.409829,0.383824
836,0.417103,0.423894,0.415277,0.412886,0.423241,0.411455,0.410988,0.400319,0.410165,0.406287,0.418766,0.403210,0.425855,0.425212,0.399859
837,0.427370,0.412679,0.431740,0.418462,0.424615,0.408808,0.417237,0.403156,0.408430,0.431122,0.427229,0.408352,0.416194,0.428985,0.414090
838,0.399922,0.404783,0.401860,0.403515,0.408321,0.398277,0.405015,0.378563,0.397592,0.393026,0.412343,0.381287,0.393258,0.415073,0.383128
839,0.391343,0.410716,0.390285,0.404281,0.403692,0.384255,0.405250,0.382825,0.401994,0.393620,0.397482,0.381306,0.398313,0.409156,0.386883
840,0.408230,0.386273,0.400459,0.407996,0.414435,0.396992,0.417102,0.371237,0.398178,0.397731,0.407740,0.390765,0.401483,0.407820,0.399374
841,0.419815,0.402451,0.405807,0.420013,0.420876,0.391468,0.416433,0.384722,0.411447,0.417335,0.417445,0.401602,0.418631,0.424418,0.393852
842,0.401879,0.410285,0.406638,0.412218,0.419006,0.392519,0.417069,0.388429,0.405390,0.392778,0.410586,0.395992,0.413679,0.408109,0.386854
843,0.404079,0.401974,0.402531,0.418204,0.395659,0.398988,0.410794,0.365761,0.404513,0.400975,0.412672,0.391433,0.411242,0.409512,0.386063
844,0.404836,0.396760,0.418372,0.420620,0.412162,0.403009,0.411941,0.393983,0.411597,0.415142,0.418806,0.392855,0.419173,0.426914,0.390839
845,0.415853,0.410435,0.415207,0.422374,0.427557,0.403696,0.404268,0.397453,0.413677,0.405235,0.409257,0.385022,0.399598,0.421173,0.389280
846,0.410694,0.403071,0.401013,0.409143,0.409199,0.382728,0.404407,0.373405,0.398383,0.398190,0.400441,0.382874,0.413425,0.409876,0.384293
847,0.416214,0.397071,0.415382,0.423794,0.411644,0.409115,0.410988,0.390332,0.409937,0.408727,0.411451,0.393038,0.418210,0.419092,0.390361
848,0.376294,0.373832,0.383153,0.379052,0.394416,0.367266,0.379005,0.358201,0.368982,0.376239,0.374345,0.355361,0.382280,0.395323,0.355643
849,0.398919,0.410097,0.384281,0.401686,0.393824,0.386728,0.388550,0.370629,0.397447,0.387362,0.393149,0.362627,0.388662,0.388786,0.363418
850,0.394368,0.396582,0.393212,0.401934,0.401033,0.388659,0.397917,0.371866,0.400013,0.386917,0.403538,0.390457,0.403901,0.405537,0.380447
851,0.407531,0.400523,0.414606,0.404612,0.418585,0.407265,0.399425,0.387062,0.405613,0.416064,0.418697,0.389634,0.424006,0.431015,0.385980
852,0.405760,0.399845,0.413797,0.410825,0.416526,0.407063,0.405181,0.381004,0.408020,0.418082,0.404772,0.394789,0.411894,0.416842,0.389029
853,0.401610,0.394232,0.408659,0.400667,0.407591,0.381527,0.399282,0.377702,0.404525,0.398652,0.392462,0.384625,0.404076,0.416155,0.380033
854,0.398185,0.392991,0.397650,0.398857,0.408484,0.385587,0.401118,0.376644,0.399439,0.386809,0.403103,0.391747,0.400757,0.407321,0.387134
855,0.419797,0.414619,0.426951,0.427180,0.429218,0.402893,0.420229,0.404383,0.416225,0.415494,0.418423,0.407576,0.413973,0.431701,0.395001
856,0.399312,0.416688,0.399946,0.410188,0.404038,0.393471,0.397756,0.372207,0.409991,0.398176,0.403469,0.383078,0.411250,0.414844,0.395484
857,0.420195,0.419093,0.423891,0.430784,0.423861,0.412323,0.426840,0.399259,0.420382,0.413845,0.420158,0.405770,0.413711,0.424200,0.407798
858,0.410301,0.397747,0.412940,0.418706,0.416560,0.402080,0.408404,0.386689,0.397952,0.405378,0.419437,0.399794,0.409997,0.409845,0.381155
859,0.424187,0.413645,0.403631,0.420291,0.423543,0.410040,0.419096,0.392773,0.411816,0.405800,0.419971,0.401466,0.422194,0.413758,0.400260
860,0.410046,0.416420,0.402854,0.422748,0.415728,0.386481,0.416260,0.376342,0.414136,0.402244,0.409882,0.388334,0.405175,0.418451,0.379962
861,0.392782,0.379360,0.388906,0.390392,0.405387,0.380013,0.382338,0.361725,0.388101,0.385360,0.398580,0.384049,0.377966,0.400889,0.378498
862,0.401194,0.413713,0.412822,0.410711,0.417684,0.393373,0.407997,0.382600,0.402887,0.409176,0.409822,0.392092,0.403613,0.417645,0.389294
863,0.388793,0.403431,0.395302,0.413312,0.409840,0.390654,0.400416,0.361899,0.398660,0.393092,0.401889,0.374656,0.390739,0.415841,0.373555
864,0.410076,0.403577,0.413065,0.417150,0.425390,0.401318,0.414252,0.389692,0.407563,0.404805,0.413917,0.389688,0.406288,0.424846,0.401955
865,0.435235,0.423961,0.437216,0.442125,0.430171,0.429656,0.440048,0.407358,0.433286,0.430046,0.443522,0.419780,0.422241,0.439998,0.425581
866,0.407773,0.405690,0.394528,0.410796,0.406198,0.389154,0.410411,0.379627,0.400491,0.393120,0.399121,0.388915,0.399089,0.405824,0.384321
867,0.409517,0.404251,0.416220,0.410309,0.415555,0.406111,0.402727,0.393265,0.408079,0.406544,0.405359,0.389087,0.419335,0.421748,0.394047
868,0.416454,0.413133,0.419888,0.427042,0.419605,0.403497,0.418778,0.395568,0.417863,0.415424,0.402649,0.406680,0.425555,0.420376,0.397910
869,0.399421,0.389486,0.413124,0.417799,0.411080,0.389190,0.407415,0.391072,0.400131,0.398207,0.404920,0.387697,0.401766,0.409973,0.392956
870,0.406747,0.406520,0.408324,0.419328,0.416508,0.389251,0.411390,0.390365,0.406653,0.407514,0.418669,0.391754,0.414428,0.417976,0.399502
871,0.424913,0.409546,0.417728,0.424457,0.429475,0.396111,0.420824,0.397352,0.412619,0.408968,0.430580,0.400803,0.409199,0.418892,0.394569
872,0.421815,0.417429,0.414745,0.426535,0.427891,0.409557,0.411645,0.400015,0.418343,0.415229,0.415277,0.397599,0.431211,0.429251,0.384056
873,0.379845,0.383921,0.386283,0.390574,0.383361,0.373971,0.382945,0.357570,0.376877,0.374454,0.387048,0.362349,0.387528,0.395464,0.367890
874,0.406921,0.399585,0.417642,0.415262,0.426277,0.398499,0.415426,0.398952,0.415860,0.416774,0.422224,0.401703,0.418984,0.422972,0.396202
875,0.403666,0.401835,0.413327,0.410233,0.407950,0.394936,0.403403,0.390350,0.413193,0.403105,0.405285,0.389456,0.403259,0.413011,0.381443
876,0.414647,0.394303,0.406982,0.399114,0.413030,0.397992,0.405111,0.384132,0.408170,0.404007,0.418785,0.402334,0.406187,0.412142,0.397601
877,0.402837,0.392025,0.395667,0.418886,0.415654,0.385158,0.407487,0.377405,0.410716,0.399421,0.409439,0.394855,0.393065,0.420100,0.388851
878,0.402829,0.407650,0.413307,0.418203,0.409509,0.391511,0.406839,0.382756,0.403353,0.402595,0.403702,0.391553,0.400030,0.409052,0.382838
879,0.402886,0.397908,0.393661,0.396858,0.405362,0.394628,0.393193,0.377379,0.393890,0.395222,0.391239,0.377338,0.399333,0.401684,0.376880
880,0.424257,0.423254,0.423651,0.435642,0.428979,0.422156,0.423255,0.406594,0.432226,0.424650,0.416096,0.418271,0.434118,0.436743,0.414338
881,0.391748,0.399146,0.399355,0.405464,0.404389,0.385570,0.398599,0.382972,0.397455,0.391903,0.399567,0.375928,0.395331,0.406268,0.376806
882,0.391827,0.388528,0.391855,0.398633,0.402634,0.392393,0.397139,0.361065,0.396290,0.390955,0.393235,0.379840,0.399075,0.403612,0.378508
883,0.404526,0.403888,0.418645,0.409792,0.415505,0.396899,0.413446,0.378127,0.408589,0.417616,0.420979,0.392071,0.409240,0.417455,0.385572
884,0.404838,0.408988,0.408637,0.423322,0.406944,0.406565,0.412627,0.384696,0.420349,0.409008,0.410024,0.391471,0.407221,0.413427,0.385076
885,0.390150,0.395776,0.399788,0.404616,0.408800,0.381449,0.401590,0.391242,0.399780,0.391586,0.393672,0.391142,0.389914,0.406329,0.370565
886,0.422926,0.408941,0.404728,0.423654,0.416188,0.393169,0.406498,0.385398,0.414246,0.404050,0.405535,0.387606,0.408654,0.412973,0.379390
887,0.403705,0.403459,0.406751,0.413168,0.411738,0.392524,0.413894,0.389238,0.408763,0.399268,0.415215,0.394832,0.399924,0.410896,0.385704
888,0.418673,0.417128,0.423736,0.425281,0.435664,0.410185,0.415820,0.394504,0.419648,0.416157,0.420685,0.403046,0.426144,0.423855,0.390711
889,0.417955,0.407669,0.413409,0.426527,0.417131,0.393556,0.425483,0.376186,0.403600,0.395986,0.409964,0.398697,0.406299,0.417014,0.396012
890,0.392972,0.386032,0.391420,0.398368,0.404836,0.380881,0.389582,0.366992,0.388638,0.382390,0.393175,0.382208,0.390715,0.400896,0.373403
891,0.395323,0.394306,0.404550,0.400111,0.407541,0.391955,0.394558,0.387273,0.394445,0.386199,0.399618,0.393516,0.392495,0.404344,0.373979
892,0.411665,0.401712,0.418944,0.420833,0.417785,0.404090,0.429234,0.387337,0.409236,0.412983,0.422085,0.400638,0.420220,0.425384,0.392816
893,0.394719,0.399834,0.399104,0.403708,0.409880,0.394767,0.403837,0.376660,0.400764,0.402975,0.402107,0.384271,0.402027,0.406900,0.383738
894,0.415038,0.396398,0.406199,0.415994,0.422135,0.409828,0.409451,0.393750,0.408916,0.416925,0.411352,0.395290,0.419590,0.425700,0.392694
895,0.434141,0.426627,0.446487,0.446138,0.450157,0.426171,0.438307,0.429852,0.443052,0.431805,0.440969,0.424917,0.437630,0.444813,0.412413
896,0.415016,0.414952,0.417959,0.418722,0.419834,0.406920,0.417669,0.387306,0.420547,0.412054,0.413325,0.397774,0.408659,0.420219,0.399647
897,0.382305,0.379506,0.391572,0.382381,0.398875,0.368105,0.389393,0.357848,0.385906,0.377935,0.390384,0.377518,0.388074,0.389440,0.370824
898,0.407579,0.410053,0.415441,0.410663,0.427213,0.396298,0.405086,0.379832,0.409589,0.407179,0.402193,0.401366,0.408387,0.420947,0.387493
899,0.412656,0.422274,0.419926,0.431944,0.428418,0.413964,0.421736,0.403607,0.420129,0.415608,0.422315,0.406440,0.419676,0.437750,0.402632
900,0.405826,0.427586,0.401491,0.407811,0.408610,0.391509,0.396535,0.388564,0.400676,0.390941,0.396194,0.381856,0.404069,0.406325,0.382649
901,0.403949,0.407261,0.400407,0.411665,0.417148,0.392821,0.407149,0.391329,0.411555,0.404366,0.416172,0.391558,0.411169,0.415905,0.387858
902,0.392984,0.386984,0.399234,0.397800,0.403063,0.387869,0.404926,0.383761,0.403572,0.398763,0.410325,0.377189,0.408992,0.406798,0.378907
903,0.423431,0.429980,0.424467,0.436790,0.439398,0.422031,0.437359,0.411121,0.422006,0.424396,0.431226,0.420822,0.425513,0.433525,0.417068
904,0.401257,0.385926,0.408639,0.412542,0.405957,0.382184,0.405526,0.382929,0.396589,0.397208,0.403087,0.381537,0.403882,0.399376,0.366784
905,0.413499,0.419249,0.409169,0.424300,0.426343,0.404480,0.417549,0.389077,0.418269,0.404243,0.414516,0.398454,0.417248,0.424042,0.397144
906,0.404213,0.413861,0.414060,0.419742,0.415544,0.402461,0.412510,0.385852,0.416151,0.411187,0.412898,0.395225,0.403086,0.418162,0.390335
907,0.410925,0.387285,0.409867,0.413539,0.400267,0.389194,0.409493,0.366504,0.405234,0.397961,0.419760,0.379272,0.416144,0.411898,0.377012
908,0.392998,0.403795,0.392102,0.401569,0.400262,0.387842,0.390743,0.375880,0.402614,0.374439,0.391746,0.373533,0.395972,0.403578,0.367570
909,0.404514,0.404891,0.403134,0.417897,0.411441,0.396088,0.404739,0.377711,0.406432,0.410669,0.418560,0.397212,0.411527,0.415910,0.394420
910,0.415756,0.430085,0.418963,0.429947,0.423858,0.417526,0.423693,0.395774,0.415962,0.412317,0.409552,0.398276,0.424909,0.418636,0.408080
911,0.411647,0.412879,0.423540,0.418688,0.428128,0.401394,0.422983,0.396773,0.408917,0.420058,0.425171,0.409005,0.407955,0.428210,0.402390
912,0.408896,0.401373,0.393924,0.410569,0.411285,0.404122,0.406111,0.377630,0.409025,0.400196,0.411816,0.391741,0.408853,0.412385,0.391277
913,0.404650,0.395310,0.404538,0.409143,0.406717,0.402228,0.399592,0.381538,0.398310,0.395239,0.394971,0.390203,0.403850,0.418867,0.376165
914,0.395611,0.398249,0.406573,0.409636,0.408415,0.393793,0.403337,0.380302,0.400571,0.393511,0.387563,0.376887,0.404804,0.402700,0.375762
915,0.401431,0.403122,0.416816,0.419750,0.416608,0.401859,0.413221,0.407747,0.404947,0.411178,0.415876,0.396723,0.415181,0.420454,0.383779
916,0.407259,0.390691,0.407205,0.406472,0.414718,0.397380,0.406867,0.391470,0.406955,0.402149,0.414208,0.396625,0.397410,0.416620,0.394562
917,0.409020,0.403317,0.418538,0.417840,0.427759,0.399867,0.411018,0.401269,0.406639,0.408072,0.419932,0.400825,0.418524,0.426325,0.393317
918,0.406038,0.393622,0.415432,0.402707,0.426397,0.387728,0.394317,0.384177,0.411091,0.403282,0.401993,0.388587,0.407548,0.410933,0.376129
919,0.391451,0.393215,0.403936,0.399186,0.405485,0.399395,0.397810,0.374553,0.400048,0.392828,0.399590,0.382043,0.398413,0.407465,0.384248
920,0.398361,0.388225,0.391234,0.398921,0.402633,0.387041,0.407511,0.384542,0.392699,0.393943,0.404528,0.382784,0.406613,0.409982,0.375295
921,0.409343,0.419794,0.409301,0.423449,0.426285,0.406553,0.417625,0.380181,0.416271,0.405077,0.415657,0.419689,0.421554,0.424828,0.404207
922,0.409832,0.415280,0.399084,0.413602,0.413051,0.395273,0.403207,0.381153,0.413033,0.402532,0.402808,0.391825,0.400758,0.418429,0.381669
923,0.387796,0.392138,0.385902,0.395915,0.393803,0.372439,0.392430,0.354660,0.389176,0.382754,0.392498,0.362274,0.391487,0.396674,0.369528
924,0.421278,0.416856,0.419777,0.420414,0.423969,0.408229,0.423353,0.387611,0.410571,0.415425,0.421964,0.404423,0.418384,0.425049,0.397705
925,0.387735,0.375555,0.393769,0.389227,0.393920,0.379670,0.387199,0.353215,0.379615,0.385209,0.395769,0.374660,0.381462,0.386149,0.370162
926,0.390557,0.380995,0.411530,0.398828,0.395797,0.391568,0.392056,0.370997,0.391347,0.402125,0.402773,0.378651,0.406889,0.402227,0.380579
927,0.405930,0.414776,0.412840,0.422220,0.424226,0.395773,0.413002,0.389710,0.410011,0.416151,0.405065,0.400205,0.417019,0.417117,0.382129
928,0.397121,0.386187,0.412554,0.411912,0.416126,0.382514,0.400417,0.388915,0.398974,0.404369,0.405491,0.380339,0.401020,0.418350,0.377210
929,0.377924,0.386419,0.391013,0.390236,0.387843,0.375955,0.378377,0.377565,0.386848,0.386386,0.392212,0.370448,0.388143,0.389603,0.382375
930,0.398152,0.391733,0.404649,0.404378,0.414177,0.393079,0.400204,0.371649,0.395453,0.402824,0.388641,0.372725,0.399623,0.407154,0.375658
931,0.405518,0.391281,0.388455,0.409788,0.401714,0.389829,0.407847,0.362172,0.398957,0.395090,0.404048,0.391297,0.407120,0.405415,0.372651
932,0.408853,0.400305,0.398995,0.411578,0.408192,0.394321,0.407973,0.373369,0.395445,0.400369,0.399211,0.376402,0.392326,0.400369,0.376129
933,0.396946,0.404187,0.407989,0.421263,0.416047,0.393575,0.412392,0.390845,0.410171,0.397187,0.413458,0.397528,0.400790,0.424680,0.394973
934,0.395079,0.386733,0.396187,0.402159,0.405018,0.383109,0.389798,0.364970,0.397915,0.394916,0.401120,0.382959,0.383059,0.412552,0.370050
935,0.421733,0.413165,0.419446,0.412118,0.425305,0.410532,0.411140,0.396828,0.421500,0.410034,0.421044,0.393132,0.420384,0.419705,0.394977
936,0.409913,0.409950,0.410967,0.418791,0.416770,0.405008,0.407629,0.389916,0.408407,0.411529,0.404156,0.392753,0.395692,0.420367,0.381693
937,0.410710,0.407304,0.417538,0.425980,0.420236,0.395973,0.416748,0.392501,0.407747,0.404001,0.419389,0.402921,0.415611,0.419815,0.392766
938,0.389115,0.387953,0.377984,0.390299,0.393143,0.381554,0.380489,0.359467,0.384684,0.382741,0.387591,0.365009,0.389943,0.392095,0.371770
939,0.416170,0.421928,0.411031,0.421398,0.419691,0.405458,0.420796,0.387129,0.419359,0.415733,0.415755,0.397654,0.418306,0.422295,0.394731
940,0.411476,0.402780,0.403367,0.411759,0.420430,0.382637,0.414857,0.379143,0.399842,0.401752,0.402307,0.389981,0.405222,0.411417,0.383496
941,0.414639,0.418503,0.418607,0.427113,0.426198,0.401297,0.416892,0.389430,0.422257,0.410916,0.419804,0.400114,0.426939,0.425538,0.402474
942,0.423142,0.424353,0.419316,0.428007,0.426695,0.413867,0.433152,0.404950,0.430333,0.418863,0.432093,0.406511,0.422489,0.438754,0.414514
943,0.394094,0.392870,0.397428,0.397341,0.408630,0.370610,0.389884,0.367126,0.395069,0.388655,0.397675,0.385215,0.387219,0.407078,0.372850
944,0.388767,0.399369,0.396408,0.408703,0.396775,0.378713,0.393399,0.370783,0.393421,0.391219,0.384855,0.381334,0.402317,0.403934,0.380178
945,0.400265,0.402489,0.398083,0.407195,0.408615,0.397751,0.405204,0.387289,0.400438,0.392312,0.401169,0.386590,0.410884,0.411357,0.379637
946,0.406026,0.405681,0.396025,0.413588,0.410802,0.402578,0.408544,0.371546,0.409098,0.392969,0.396735,0.387054,0.399585,0.407284,0.389953
947,0.422272,0.410525,0.422375,0.426556,0.442480,0.411296,0.430304,0.403158,0.420164,0.412548,0.427353,0.410329,0.424586,0.422707,0.410527
948,0.398657,0.390393,0.404868,0.409426,0.407712,0.395854,0.396777,0.383606,0.399538,0.389049,0.405026,0.389061,0.407542,0.411729,0.380513
949,0.397183,0.398709,0.401419,0.404151,0.411065,0.386515,0.395988,0.382639,0.397477,0.395552,0.404051,0.384971,0.400911,0.406439,0.384770
950,0.428779,0.418239,0.419910,0.429037,0.430122,0.417351,0.433257,0.400020,0.427756,0.428789,0.438802,0.418369,0.426142,0.437711,0.403221
951,0.414436,0.401919,0.405547,0.411059,0.411006,0.405714,0.406524,0.386546,0.410211,0.401553,0.401973,0.394229,0.403706,0.418176,0.389696
956,0.411374,0.406364,0.409051,0.421773,0.422210,0.386342,0.421902,0.383615,0.410901,0.400397,0.422744,0.396116,0.406764,0.419782,0.394753
957,0.428487,0.405249,0.418383,0.411799,0.427859,0.400842,0.412762,0.386561,0.415531,0.419674,0.408768,0.398951,0.418441,0.425208,0.399682
958,0.433973,0.421986,0.435439,0.431981,0.444802,0.409836,0.426838,0.407161,0.417145,0.424698,0.433241,0.416386,0.434673,0.436706,0.406800
959,0.394413,0.394732,0.408342,0.408411,0.418963,0.390136,0.401811,0.384487,0.407784,0.395852,0.414303,0.395318,0.403507,0.414250,0.389246
952,0.424312,0.424974,0.417276,0.426842,0.419867,0.403792,0.422049,0.396678,0.428456,0.409376,0.419821,0.407980,0.426487,0.424479,0.398626
953,0.389618,0.386126,0.387464,0.396147,0.394412,0.373629,0.386665,0.367552,0.380321,0.378205,0.394236,0.368994,0.403705,0.394478,0.368958
954,0.419463,0.414814,0.422399,0.425651,0.431968,0.413935,0.422638,0.399677,0.422354,0.417476,0.420676,0.404031,0.418970,0.427108,0.411021
955,0.393532,0.394293,0.391458,0.411458,0.401057,0.384366,0.403518,0.365696,0.392034,0.395024,0.402064,0.387951,0.392577,0.402865,0.376446
960,0.419240,0.412982,0.414735,0.414517,0.419713,0.410291,0.406558,0.397165,0.405680,0.418452,0.416122,0.400600,0.418688,0.417863,0.386546
961,0.412398,0.418168,0.413863,0.418529,0.425683,0.410631,0.418167,0.389727,0.405402,0.408795,0.412016,0.397834,0.416515,0.418951,0.401468
962,0.396711,0.392750,0.393172,0.402312,0.401028,0.385596,0.388772,0.366249,0.388384,0.381511,0.391261,0.371203,0.399535,0.392924,0.376487
963,0.382261,0.395798,0.387519,0.391801,0.392078,0.371477,0.388345,0.366747,0.384992,0.376377,0.389760,0.370040,0.389592,0.397055,0.368670
964,0.406920,0.418151,0.406569,0.423289,0.408852,0.393901,0.414150,0.383166,0.421332,0.406333,0.415018,0.400018,0.408157,0.422324,0.394302
965,0.413469,0.403837,0.417628,0.423817,0.410766,0.393237,0.408269,0.385581,0.417832,0.400777,0.411427,0.386787,0.414840,0.413677,0.371534
966,0.385859,0.390532,0.390474,0.393102,0.401816,0.380987,0.389467,0.364294,0.393391,0.393789,0.389076,0.381894,0.388250,0.395138,0.369909
967,0.395508,0.399745,0.411026,0.406649,0.404105,0.393113,0.391227,0.383213,0.401824,0.414311,0.395607,0.383066,0.396204,0.410900,0.378830
968,0.409175,0.410382,0.389788,0.405675,0.405763,0.396475,0.398877,0.377512,0.397426,0.381924,0.398320,0.376083,0.405463,0.411948,0.391465
969,0.416273,0.405477,0.411109,0.418225,0.413354,0.399799,0.414594,0.393092,0.406950,0.407473,0.410378,0.392979,0.415285,0.420773,0.389925
970,0.416068,0.416290,0.409221,0.406196,0.409710,0.398601,0.411437,0.386653,0.413332,0.397993,0.415160,0.388482,0.416606,0.421616,0.384155
971,0.389642,0.399175,0.398048,0.395455,0.393451,0.380518,0.389939,0.366941,0.399933,0.382669,0.396200,0.373723,0.406203,0.395501,0.370380
972,0.403145,0.390785,0.407204,0.406631,0.419703,0.387502,0.398897,0.398811,0.393602,0.398781,0.401358,0.387335,0.410640,0.410412,0.384554
973,0.413744,0.413258,0.418813,0.425359,0.419213,0.406924,0.422506,0.390119,0.420868,0.407715,0.409175,0.402088,0.420858,0.431617,0.389148
974,0.392196,0.398934,0.405296,0.409993,0.405689,0.391447,0.402703,0.383442,0.397494,0.401918,0.391642,0.385631,0.397876,0.401100,0.374496
975,0.412099,0.406147,0.410015,0.418816,0.417956,0.403021,0.413037,0.391125,0.396635,0.403807,0.417253,0.394621,0.413286,0.415145,0.393576
976,0.419881,0.424817,0.414773,0.428324,0.419559,0.403220,0.411217,0.387694,0.422012,0.407577,0.410654,0.402087,0.411321,0.418663,0.402803
977,0.397021,0.392162,0.387708,0.404560,0.395368,0.386747,0.405157,0.365914,0.391277,0.375140,0.392082,0.375141,0.392264,0.397479,0.380602
978,0.423111,0.407680,0.418004,0.415290,0.423031,0.403362,0.423009,0.399789,0.417574,0.413475,0.428897,0.400850,0.419758,0.433286,0.400146
979,0.396249,0.400959,0.401864,0.407397,0.411019,0.388751,0.417541,0.384313,0.406513,0.389197,0.403770,0.385719,0.404543,0.402583,0.384942
980,0.417975,0.409547,0.417782,0.414989,0.421456,0.399317,0.402905,0.394637,0.407673,0.406510,0.416983,0.390374,0.406277,0.418731,0.389580
981,0.393671,0.385771,0.391658,0.394574,0.397633,0.387913,0.387232,0.372083,0.389178,0.381383,0.396445,0.371758,0.391092,0.390059,0.369517
982,0.402967,0.395526,0.393286,0.405803,0.401404,0.386730,0.394804,0.363718,0.396053,0.387074,0.401518,0.381610,0.401266,0.413617,0.388733
983,0.389438,0.388600,0.388891,0.398742,0.396238,0.391563,0.394464,0.364482,0.389513,0.384953,0.389848,0.374125,0.384676,0.391019,0.373243
984,0.403895,0.392227,0.404217,0.412138,0.414141,0.396345,0.409090,0.377962,0.405127,0.398919,0.405672,0.395490,0.398864,0.413151,0.384858
985,0.400051,0.401089,0.408068,0.399733,0.412085,0.397545,0.403147,0.373244,0.396072,0.407833,0.406142,0.389993,0.402780,0.410204,0.380530
986,0.393072,0.397523,0.389316,0.408432,0.396758,0.387734,0.397520,0.376400,0.392467,0.397821,0.395098,0.379698,0.391830,0.392800,0.377248
987,0.405930,0.414972,0.416178,0.425490,0.425157,0.408432,0.422463,0.386396,0.413600,0.412230,0.418722,0.401401,0.423881,0.424452,0.405105
988,0.415221,0.412851,0.415883,0.432666,0.412228,0.408486,0.425562,0.394728,0.415995,0.410990,0.412291,0.396107,0.415230,0.416491,0.394577
989,0.409274,0.416565,0.408403,0.415864,0.415076,0.403829,0.409492,0.383562,0.404060,0.393438,0.402538,0.394804,0.418613,0.410859,0.386592
990,0.405875,0.391853,0.400934,0.406070,0.415196,0.376712,0.400032,0.376838,0.400278,0.393644,0.392261,0.390295,0.403366,0.414712,0.383365
991,0.407145,0.397953,0.399860,0.403295,0.403948,0.401539,0.409822,0.366394,0.399830,0.394407,0.399207,0.383171,0.400062,0.405429,0.381955
992,0.397588,0.381963,0.394887,0.395098,0.390091,0.382404,0.395133,0.368658,0.384070,0.388050,0.401511,0.370538,0.393007,0.394489,0.374038
993,0.423456,0.409262,0.415047,0.413836,0.417732,0.395604,0.412638,0.391444,0.410184,0.400356,0.412869,0.395781,0.419481,0.425010,0.396157
994,0.399335,0.408189,0.407791,0.413408,0.412399,0.393038,0.401467,0.377972,0.405555,0.398315,0.400436,0.388369,0.406610,0.416933,0.385561
995,0.426817,0.405029,0.424369,0.412336,0.428507,0.409233,0.409102,0.395271,0.414142,0.419183,0.431688,0.399019,0.429876,0.425236,0.412005
996,0.403949,0.402297,0.407430,0.415483,0.420454,0.404755,0.415669,0.375646,0.397619,0.409117,0.409986,0.389072,0.402795,0.428965,0.399927
997,0.393915,0.398397,0.397909,0.396760,0.407226,0.382825,0.390701,0.381985,0.388974,0.391143,0.398767,0.394406,0.390119,0.408981,0.381593
998,0.420022,0.406831,0.424788,0.418774,0.427917,0.403797,0.418531,0.394653,0.414797,0.413351,0.413415,0.403151,0.426174,0.431130,0.393654
999,0.387884,0.393338,0.387476,0.397527,0.396756,0.376931,0.395834,0.354997,0.387916,0.384597,0.389510,0.374009,0.387299,0.396944,0.369569
